"","weeks","type","age_group","cases","inc"
"1",1,"nonsevere","0-17 years",8709,800.459558823529
"2",1,"nonsevere","18-29 years",4923,627.133757961783
"3",1,"nonsevere","30-49 years",1861,142.006867607783
"4",1,"nonsevere","50-64 years",982,105.139186295503
"5",1,"nonsevere","65-74 years",684,132.173913043478
"6",1,"nonsevere","75+ years",742,203.287671232877
"7",1,"severe","0-17 years",0,0
"8",1,"severe","18-29 years",1,0.127388535031847
"9",1,"severe","30-49 years",1,0.0763067531476536
"10",1,"severe","50-64 years",3,0.321199143468951
"11",1,"severe","65-74 years",5,0.966183574879227
"12",1,"severe","75+ years",18,4.93150684931507
"13",2,"nonsevere","0-17 years",11144,1024.26470588235
"14",2,"nonsevere","18-29 years",7515,957.324840764331
"15",2,"nonsevere","30-49 years",2758,210.454025181229
"16",2,"nonsevere","50-64 years",1426,152.676659528908
"17",2,"nonsevere","65-74 years",862,166.570048309179
"18",2,"nonsevere","75+ years",1001,274.246575342466
"19",2,"severe","0-17 years",0,0
"20",2,"severe","18-29 years",3,0.382165605095541
"21",2,"severe","30-49 years",4,0.305227012590614
"22",2,"severe","50-64 years",6,0.642398286937902
"23",2,"severe","65-74 years",11,2.1256038647343
"24",2,"severe","75+ years",23,6.3013698630137
"25",3,"nonsevere","0-17 years",14743,1355.05514705882
"26",3,"nonsevere","18-29 years",10617,1352.48407643312
"27",3,"nonsevere","30-49 years",3842,293.170545593285
"28",3,"nonsevere","50-64 years",2109,225.802997858672
"29",3,"nonsevere","65-74 years",1185,228.985507246377
"30",3,"nonsevere","75+ years",1369,375.068493150685
"31",3,"severe","0-17 years",0,0
"32",3,"severe","18-29 years",4,0.509554140127389
"33",3,"severe","30-49 years",5,0.381533765738268
"34",3,"severe","50-64 years",13,1.39186295503212
"35",3,"severe","65-74 years",9,1.73913043478261
"36",3,"severe","75+ years",23,6.3013698630137
"37",4,"nonsevere","0-17 years",20555,1889.24632352941
"38",4,"nonsevere","18-29 years",14546,1852.99363057325
"39",4,"nonsevere","30-49 years",5630,429.60702022129
"40",4,"nonsevere","50-64 years",2873,307.601713062098
"41",4,"nonsevere","65-74 years",1672,323.091787439614
"42",4,"nonsevere","75+ years",1841,504.383561643836
"43",4,"severe","0-17 years",0,0
"44",4,"severe","18-29 years",3,0.382165605095541
"45",4,"severe","30-49 years",4,0.305227012590614
"46",4,"severe","50-64 years",16,1.71306209850107
"47",4,"severe","65-74 years",16,3.09178743961353
"48",4,"severe","75+ years",53,14.5205479452055
"49",5,"nonsevere","0-17 years",25235,2319.39338235294
"50",5,"nonsevere","18-29 years",18284,2329.17197452229
"51",5,"nonsevere","30-49 years",7114,542.846241892407
"52",5,"nonsevere","50-64 years",3684,394.432548179872
"53",5,"nonsevere","65-74 years",2139,413.333333333333
"54",5,"nonsevere","75+ years",2361,646.849315068493
"55",5,"severe","0-17 years",0,0
"56",5,"severe","18-29 years",2,0.254777070063694
"57",5,"severe","30-49 years",2,0.152613506295307
"58",5,"severe","50-64 years",18,1.9271948608137
"59",5,"severe","65-74 years",19,3.67149758454106
"60",5,"severe","75+ years",58,15.8904109589041
"61",6,"nonsevere","0-17 years",28247,2596.23161764706
"62",6,"nonsevere","18-29 years",20090,2559.23566878981
"63",6,"nonsevere","30-49 years",8099,618.008393742846
"64",6,"nonsevere","50-64 years",4201,449.785867237687
"65",6,"nonsevere","65-74 years",2541,491.014492753623
"66",6,"nonsevere","75+ years",2753,754.246575342466
"67",6,"severe","0-17 years",0,0
"68",6,"severe","18-29 years",3,0.382165605095541
"69",6,"severe","30-49 years",8,0.610454025181228
"70",6,"severe","50-64 years",17,1.82012847965739
"71",6,"severe","65-74 years",18,3.47826086956522
"72",6,"severe","75+ years",67,18.3561643835616
"73",7,"nonsevere","0-17 years",31042,2853.125
"74",7,"nonsevere","18-29 years",22196,2827.51592356688
"75",7,"nonsevere","30-49 years",9069,692.02594429607
"76",7,"nonsevere","50-64 years",4790,512.847965738758
"77",7,"nonsevere","65-74 years",2819,544.734299516908
"78",7,"nonsevere","75+ years",3007,823.835616438356
"79",7,"severe","0-17 years",0,0
"80",7,"severe","18-29 years",4,0.509554140127389
"81",7,"severe","30-49 years",8,0.610454025181228
"82",7,"severe","50-64 years",14,1.49892933618844
"83",7,"severe","65-74 years",26,5.02415458937198
"84",7,"severe","75+ years",65,17.8082191780822
"85",8,"nonsevere","0-17 years",33418,3071.50735294118
"86",8,"nonsevere","18-29 years",24004,3057.83439490446
"87",8,"nonsevere","30-49 years",9974,761.083555894697
"88",8,"nonsevere","50-64 years",5356,573.447537473233
"89",8,"nonsevere","65-74 years",3171,612.753623188406
"90",8,"nonsevere","75+ years",3248,889.86301369863
"91",8,"severe","0-17 years",0,0
"92",8,"severe","18-29 years",7,0.89171974522293
"93",8,"severe","30-49 years",8,0.610454025181228
"94",8,"severe","50-64 years",17,1.82012847965739
"95",8,"severe","65-74 years",28,5.41062801932367
"96",8,"severe","75+ years",51,13.972602739726
"97",9,"nonsevere","0-17 years",35327,3246.96691176471
"98",9,"nonsevere","18-29 years",25147,3203.43949044586
"99",9,"nonsevere","30-49 years",10904,832.048836322015
"100",9,"nonsevere","50-64 years",5879,629.443254817987
"101",9,"nonsevere","65-74 years",3480,672.463768115942
"102",9,"nonsevere","75+ years",3690,1010.95890410959
"103",9,"severe","0-17 years",0,0
"104",9,"severe","18-29 years",7,0.89171974522293
"105",9,"severe","30-49 years",12,0.915681037771843
"106",9,"severe","50-64 years",28,2.99785867237687
"107",9,"severe","65-74 years",39,7.53623188405797
"108",9,"severe","75+ years",80,21.9178082191781
"109",10,"nonsevere","0-17 years",38416,3530.88235294118
"110",10,"nonsevere","18-29 years",27564,3511.33757961783
"111",10,"nonsevere","30-49 years",12498,953.681800839374
"112",10,"nonsevere","50-64 years",6868,735.331905781585
"113",10,"nonsevere","65-74 years",4043,781.256038647343
"114",10,"nonsevere","75+ years",4213,1154.24657534247
"115",10,"severe","0-17 years",0,0
"116",10,"severe","18-29 years",7,0.89171974522293
"117",10,"severe","30-49 years",17,1.29721480351011
"118",10,"severe","50-64 years",35,3.74732334047109
"119",10,"severe","65-74 years",37,7.14975845410628
"120",10,"severe","75+ years",86,23.5616438356164
"121",11,"nonsevere","0-17 years",40576,3729.41176470588
"122",11,"nonsevere","18-29 years",29732,3787.51592356688
"123",11,"nonsevere","30-49 years",13775,1051.12552460893
"124",11,"nonsevere","50-64 years",7624,816.27408993576
"125",11,"nonsevere","65-74 years",4597,888.309178743961
"126",11,"nonsevere","75+ years",4865,1332.87671232877
"127",11,"severe","0-17 years",0,0
"128",11,"severe","18-29 years",6,0.764331210191083
"129",11,"severe","30-49 years",12,0.915681037771843
"130",11,"severe","50-64 years",34,3.64025695931477
"131",11,"severe","65-74 years",43,8.30917874396135
"132",11,"severe","75+ years",105,28.7671232876712
"133",12,"nonsevere","0-17 years",41228,3789.33823529412
"134",12,"nonsevere","18-29 years",30138,3839.23566878981
"135",12,"nonsevere","30-49 years",14824,1131.17130866082
"136",12,"nonsevere","50-64 years",8078,864.882226980728
"137",12,"nonsevere","65-74 years",4912,949.178743961353
"138",12,"nonsevere","75+ years",5085,1393.15068493151
"139",12,"severe","0-17 years",0,0
"140",12,"severe","18-29 years",7,0.89171974522293
"141",12,"severe","30-49 years",22,1.67874856924838
"142",12,"severe","50-64 years",34,3.64025695931477
"143",12,"severe","65-74 years",47,9.08212560386473
"144",12,"severe","75+ years",95,26.027397260274
"145",13,"nonsevere","0-17 years",40395,3712.77573529412
"146",13,"nonsevere","18-29 years",29558,3765.35031847134
"147",13,"nonsevere","30-49 years",15098,1152.07935902327
"148",13,"nonsevere","50-64 years",8536,913.918629550321
"149",13,"nonsevere","65-74 years",4870,941.062801932367
"150",13,"nonsevere","75+ years",5209,1427.12328767123
"151",13,"severe","0-17 years",0,0
"152",13,"severe","18-29 years",8,1.01910828025478
"153",13,"severe","30-49 years",18,1.37352155665776
"154",13,"severe","50-64 years",36,3.85438972162741
"155",13,"severe","65-74 years",45,8.69565217391304
"156",13,"severe","75+ years",113,30.958904109589
"157",14,"nonsevere","0-17 years",38580,3545.95588235294
"158",14,"nonsevere","18-29 years",28289,3603.69426751592
"159",14,"nonsevere","30-49 years",15107,1152.7661198016
"160",14,"nonsevere","50-64 years",8650,926.124197002141
"161",14,"nonsevere","65-74 years",4999,965.990338164251
"162",14,"nonsevere","75+ years",5179,1418.90410958904
"163",14,"severe","0-17 years",0,0
"164",14,"severe","18-29 years",4,0.509554140127389
"165",14,"severe","30-49 years",16,1.22090805036246
"166",14,"severe","50-64 years",29,3.10492505353319
"167",14,"severe","65-74 years",45,8.69565217391304
"168",14,"severe","75+ years",97,26.5753424657534
"169",15,"nonsevere","0-17 years",35072,3223.52941176471
"170",15,"nonsevere","18-29 years",25828,3290.19108280255
"171",15,"nonsevere","30-49 years",14702,1121.8618847768
"172",15,"nonsevere","50-64 years",8446,904.282655246253
"173",15,"nonsevere","65-74 years",4718,911.690821256039
"174",15,"nonsevere","75+ years",4782,1310.13698630137
"175",15,"severe","0-17 years",0,0
"176",15,"severe","18-29 years",5,0.636942675159236
"177",15,"severe","30-49 years",12,0.915681037771843
"178",15,"severe","50-64 years",34,3.64025695931477
"179",15,"severe","65-74 years",42,8.11594202898551
"180",15,"severe","75+ years",94,25.7534246575342
"181",16,"nonsevere","0-17 years",31140,2862.13235294118
"182",16,"nonsevere","18-29 years",22703,2892.10191082803
"183",16,"nonsevere","30-49 years",13553,1034.18542541015
"184",16,"nonsevere","50-64 years",7569,810.385438972163
"185",16,"nonsevere","65-74 years",4292,829.371980676328
"186",16,"nonsevere","75+ years",4212,1153.97260273973
"187",16,"severe","0-17 years",0,0
"188",16,"severe","18-29 years",5,0.636942675159236
"189",16,"severe","30-49 years",10,0.763067531476536
"190",16,"severe","50-64 years",35,3.74732334047109
"191",16,"severe","65-74 years",36,6.95652173913043
"192",16,"severe","75+ years",80,21.9178082191781
"193",17,"nonsevere","0-17 years",26418,2428.125
"194",17,"nonsevere","18-29 years",19685,2507.64331210191
"195",17,"nonsevere","30-49 years",11775,898.512018313621
"196",17,"nonsevere","50-64 years",6620,708.779443254818
"197",17,"nonsevere","65-74 years",3738,722.31884057971
"198",17,"nonsevere","75+ years",3720,1019.17808219178
"199",17,"severe","0-17 years",0,0
"200",17,"severe","18-29 years",9,1.14649681528662
"201",17,"severe","30-49 years",15,1.1446012972148
"202",17,"severe","50-64 years",24,2.56959314775161
"203",17,"severe","65-74 years",35,6.76328502415459
"204",17,"severe","75+ years",71,19.4520547945205
"205",18,"nonsevere","0-17 years",24627,2263.51102941176
"206",18,"nonsevere","18-29 years",18563,2364.71337579618
"207",18,"nonsevere","30-49 years",11330,864.555513162915
"208",18,"nonsevere","50-64 years",6451,690.6852248394
"209",18,"nonsevere","65-74 years",3644,704.154589371981
"210",18,"nonsevere","75+ years",3626,993.424657534247
"211",18,"severe","0-17 years",0,0
"212",18,"severe","18-29 years",3,0.382165605095541
"213",18,"severe","30-49 years",11,0.839374284624189
"214",18,"severe","50-64 years",26,2.78372591006424
"215",18,"severe","65-74 years",36,6.95652173913043
"216",18,"severe","75+ years",83,22.7397260273973
"217",19,"nonsevere","0-17 years",26835,2466.45220588235
"218",19,"nonsevere","18-29 years",20231,2577.1974522293
"219",19,"nonsevere","30-49 years",12607,961.999236932468
"220",19,"nonsevere","50-64 years",7157,766.27408993576
"221",19,"nonsevere","65-74 years",3993,771.594202898551
"222",19,"nonsevere","75+ years",4023,1102.19178082192
"223",19,"severe","0-17 years",0,0
"224",19,"severe","18-29 years",5,0.636942675159236
"225",19,"severe","30-49 years",17,1.29721480351011
"226",19,"severe","50-64 years",23,2.46252676659529
"227",19,"severe","65-74 years",42,8.11594202898551
"228",19,"severe","75+ years",82,22.4657534246575
"229",20,"nonsevere","0-17 years",28860,2652.57352941176
"230",20,"nonsevere","18-29 years",21287,2711.71974522293
"231",20,"nonsevere","30-49 years",13616,1038.99275085845
"232",20,"nonsevere","50-64 years",7825,837.79443254818
"233",20,"nonsevere","65-74 years",4437,857.391304347826
"234",20,"nonsevere","75+ years",4414,1209.31506849315
"235",20,"severe","0-17 years",0,0
"236",20,"severe","18-29 years",5,0.636942675159236
"237",20,"severe","30-49 years",15,1.1446012972148
"238",20,"severe","50-64 years",30,3.21199143468951
"239",20,"severe","65-74 years",38,7.34299516908213
"240",20,"severe","75+ years",72,19.7260273972603
"241",21,"nonsevere","0-17 years",30551,2807.99632352941
"242",21,"nonsevere","18-29 years",22292,2839.74522292994
"243",21,"nonsevere","30-49 years",14531,1108.81342998855
"244",21,"nonsevere","50-64 years",8250,883.297644539615
"245",21,"nonsevere","65-74 years",4813,930.048309178744
"246",21,"nonsevere","75+ years",4746,1300.27397260274
"247",21,"severe","0-17 years",0,0
"248",21,"severe","18-29 years",2,0.254777070063694
"249",21,"severe","30-49 years",16,1.22090805036246
"250",21,"severe","50-64 years",23,2.46252676659529
"251",21,"severe","65-74 years",27,5.21739130434783
"252",21,"severe","75+ years",76,20.8219178082192
"253",22,"nonsevere","0-17 years",32552,2991.91176470588
"254",22,"nonsevere","18-29 years",23685,3017.1974522293
"255",22,"nonsevere","30-49 years",15650,1194.20068676078
"256",22,"nonsevere","50-64 years",8911,954.06852248394
"257",22,"nonsevere","65-74 years",5232,1011.01449275362
"258",22,"nonsevere","75+ years",5096,1396.16438356164
"259",22,"severe","0-17 years",0,0
"260",22,"severe","18-29 years",6,0.764331210191083
"261",22,"severe","30-49 years",10,0.763067531476536
"262",22,"severe","50-64 years",24,2.56959314775161
"263",22,"severe","65-74 years",49,9.46859903381642
"264",22,"severe","75+ years",125,34.2465753424658
"265",23,"nonsevere","0-17 years",37178,3417.09558823529
"266",23,"nonsevere","18-29 years",27304,3478.21656050955
"267",23,"nonsevere","30-49 years",18244,1392.14040442579
"268",23,"nonsevere","50-64 years",10537,1128.15845824411
"269",23,"nonsevere","65-74 years",6041,1167.34299516908
"270",23,"nonsevere","75+ years",6131,1679.72602739726
"271",23,"severe","0-17 years",0,0
"272",23,"severe","18-29 years",5,0.636942675159236
"273",23,"severe","30-49 years",9,0.686760778328882
"274",23,"severe","50-64 years",45,4.81798715203426
"275",23,"severe","65-74 years",64,12.3671497584541
"276",23,"severe","75+ years",107,29.3150684931507
"277",24,"nonsevere","0-17 years",42189,3877.66544117647
"278",24,"nonsevere","18-29 years",30862,3931.46496815287
"279",24,"nonsevere","30-49 years",21021,1604.04425791683
"280",24,"nonsevere","50-64 years",12196,1305.78158458244
"281",24,"nonsevere","65-74 years",7043,1360.96618357488
"282",24,"nonsevere","75+ years",7009,1920.27397260274
"283",24,"severe","0-17 years",0,0
"284",24,"severe","18-29 years",10,1.27388535031847
"285",24,"severe","30-49 years",17,1.29721480351011
"286",24,"severe","50-64 years",57,6.10278372591006
"287",24,"severe","65-74 years",49,9.46859903381642
"288",24,"severe","75+ years",152,41.6438356164384
"289",25,"nonsevere","0-17 years",46184,4244.85294117647
"290",25,"nonsevere","18-29 years",34153,4350.70063694268
"291",25,"nonsevere","30-49 years",24165,1843.95268981305
"292",25,"nonsevere","50-64 years",13676,1464.23982869379
"293",25,"nonsevere","65-74 years",8135,1571.9806763285
"294",25,"nonsevere","75+ years",7872,2156.71232876712
"295",25,"severe","0-17 years",0,0
"296",25,"severe","18-29 years",7,0.89171974522293
"297",25,"severe","30-49 years",34,2.59442960702022
"298",25,"severe","50-64 years",57,6.10278372591006
"299",25,"severe","65-74 years",74,14.2995169082126
"300",25,"severe","75+ years",168,46.027397260274
"301",26,"nonsevere","0-17 years",49268,4528.30882352941
"302",26,"nonsevere","18-29 years",36264,4619.6178343949
"303",26,"nonsevere","30-49 years",26312,2007.78328882106
"304",26,"nonsevere","50-64 years",15522,1661.88436830835
"305",26,"nonsevere","65-74 years",9013,1741.64251207729
"306",26,"nonsevere","75+ years",8743,2395.34246575342
"307",26,"severe","0-17 years",0,0
"308",26,"severe","18-29 years",6,0.764331210191083
"309",26,"severe","30-49 years",17,1.29721480351011
"310",26,"severe","50-64 years",64,6.85224839400428
"311",26,"severe","65-74 years",76,14.6859903381643
"312",26,"severe","75+ years",184,50.4109589041096
"313",27,"nonsevere","0-17 years",45702,4200.55147058824
"314",27,"nonsevere","18-29 years",33969,4327.26114649681
"315",27,"nonsevere","30-49 years",25572,1951.3162914918
"316",27,"nonsevere","50-64 years",14864,1591.43468950749
"317",27,"nonsevere","65-74 years",8686,1678.45410628019
"318",27,"nonsevere","75+ years",8431,2309.86301369863
"319",27,"severe","0-17 years",0,0
"320",27,"severe","18-29 years",10,1.27388535031847
"321",27,"severe","30-49 years",21,1.60244181610073
"322",27,"severe","50-64 years",45,4.81798715203426
"323",27,"severe","65-74 years",79,15.2657004830918
"324",27,"severe","75+ years",196,53.6986301369863
"325",28,"nonsevere","0-17 years",39656,3644.85294117647
"326",28,"nonsevere","18-29 years",28984,3692.22929936306
"327",28,"nonsevere","30-49 years",22174,1692.02594429607
"328",28,"nonsevere","50-64 years",13261,1419.80728051392
"329",28,"nonsevere","65-74 years",7823,1511.69082125604
"330",28,"nonsevere","75+ years",7417,2032.05479452055
"331",28,"severe","0-17 years",0,0
"332",28,"severe","18-29 years",6,0.764331210191083
"333",28,"severe","30-49 years",24,1.83136207554369
"334",28,"severe","50-64 years",54,5.78158458244111
"335",28,"severe","65-74 years",63,12.1739130434783
"336",28,"severe","75+ years",129,35.3424657534247
"337",29,"nonsevere","0-17 years",33945,3119.94485294118
"338",29,"nonsevere","18-29 years",24889,3170.57324840764
"339",29,"nonsevere","30-49 years",19278,1471.04158718047
"340",29,"nonsevere","50-64 years",11248,1204.28265524625
"341",29,"nonsevere","65-74 years",6667,1288.30917874396
"342",29,"nonsevere","75+ years",6454,1768.21917808219
"343",29,"severe","0-17 years",0,0
"344",29,"severe","18-29 years",5,0.636942675159236
"345",29,"severe","30-49 years",13,0.991987790919496
"346",29,"severe","50-64 years",31,3.31905781584582
"347",29,"severe","65-74 years",50,9.66183574879227
"348",29,"severe","75+ years",117,32.0547945205479
"349",30,"nonsevere","0-17 years",28709,2638.69485294118
"350",30,"nonsevere","18-29 years",20942,2667.77070063694
"351",30,"nonsevere","30-49 years",16475,1257.15375810759
"352",30,"nonsevere","50-64 years",9865,1056.20985010707
"353",30,"nonsevere","65-74 years",5822,1125.02415458937
"354",30,"nonsevere","75+ years",5603,1535.06849315068
"355",30,"severe","0-17 years",0,0
"356",30,"severe","18-29 years",6,0.764331210191083
"357",30,"severe","30-49 years",12,0.915681037771843
"358",30,"severe","50-64 years",31,3.31905781584582
"359",30,"severe","65-74 years",49,9.46859903381642
"360",30,"severe","75+ years",103,28.2191780821918
"361",31,"nonsevere","0-17 years",25441,2338.32720588235
"362",31,"nonsevere","18-29 years",18249,2324.71337579618
"363",31,"nonsevere","30-49 years",14398,1098.66463181992
"364",31,"nonsevere","50-64 years",8598,920.556745182013
"365",31,"nonsevere","65-74 years",5000,966.183574879227
"366",31,"nonsevere","75+ years",4893,1340.54794520548
"367",31,"severe","0-17 years",0,0
"368",31,"severe","18-29 years",3,0.382165605095541
"369",31,"severe","30-49 years",13,0.991987790919496
"370",31,"severe","50-64 years",36,3.85438972162741
"371",31,"severe","65-74 years",39,7.53623188405797
"372",31,"severe","75+ years",97,26.5753424657534
"373",32,"nonsevere","0-17 years",23272,2138.97058823529
"374",32,"nonsevere","18-29 years",16918,2155.15923566879
"375",32,"nonsevere","30-49 years",13126,1001.6024418161
"376",32,"nonsevere","50-64 years",7924,848.394004282655
"377",32,"nonsevere","65-74 years",4603,889.468599033817
"378",32,"nonsevere","75+ years",4398,1204.93150684931
"379",32,"severe","0-17 years",0,0
"380",32,"severe","18-29 years",1,0.127388535031847
"381",32,"severe","30-49 years",12,0.915681037771843
"382",32,"severe","50-64 years",29,3.10492505353319
"383",32,"severe","65-74 years",39,7.53623188405797
"384",32,"severe","75+ years",81,22.1917808219178
"385",33,"nonsevere","0-17 years",21840,2007.35294117647
"386",33,"nonsevere","18-29 years",15862,2020.63694267516
"387",33,"nonsevere","30-49 years",12189,930.103014116749
"388",33,"nonsevere","50-64 years",7250,776.231263383298
"389",33,"nonsevere","65-74 years",4387,847.729468599034
"390",33,"nonsevere","75+ years",4093,1121.3698630137
"391",33,"severe","0-17 years",0,0
"392",33,"severe","18-29 years",2,0.254777070063694
"393",33,"severe","30-49 years",10,0.763067531476536
"394",33,"severe","50-64 years",32,3.42612419700214
"395",33,"severe","65-74 years",28,5.41062801932367
"396",33,"severe","75+ years",84,23.013698630137
"397",34,"nonsevere","0-17 years",20169,1853.76838235294
"398",34,"nonsevere","18-29 years",14804,1885.85987261146
"399",34,"nonsevere","30-49 years",11397,869.668065623808
"400",34,"nonsevere","50-64 years",6917,740.578158458244
"401",34,"nonsevere","65-74 years",4154,802.705314009662
"402",34,"nonsevere","75+ years",3856,1056.43835616438
"403",34,"severe","0-17 years",0,0
"404",34,"severe","18-29 years",2,0.254777070063694
"405",34,"severe","30-49 years",7,0.534147272033575
"406",34,"severe","50-64 years",19,2.03426124197002
"407",34,"severe","65-74 years",29,5.60386473429952
"408",34,"severe","75+ years",77,21.0958904109589
"409",35,"nonsevere","0-17 years",18883,1735.56985294118
"410",35,"nonsevere","18-29 years",13894,1769.93630573248
"411",35,"nonsevere","30-49 years",10399,793.51392598245
"412",35,"nonsevere","50-64 years",6346,679.443254817987
"413",35,"nonsevere","65-74 years",3737,722.125603864734
"414",35,"nonsevere","75+ years",3607,988.219178082192
"415",35,"severe","0-17 years",0,0
"416",35,"severe","18-29 years",1,0.127388535031847
"417",35,"severe","30-49 years",8,0.610454025181228
"418",35,"severe","50-64 years",22,2.35546038543897
"419",35,"severe","65-74 years",24,4.63768115942029
"420",35,"severe","75+ years",68,18.6301369863014
"421",36,"nonsevere","0-17 years",16725,1537.22426470588
"422",36,"nonsevere","18-29 years",12157,1548.66242038217
"423",36,"nonsevere","30-49 years",8985,685.616177031667
"424",36,"nonsevere","50-64 years",5369,574.839400428266
"425",36,"nonsevere","65-74 years",3226,623.381642512077
"426",36,"nonsevere","75+ years",3189,873.698630136986
"427",36,"severe","0-17 years",0,0
"428",36,"severe","18-29 years",1,0.127388535031847
"429",36,"severe","30-49 years",4,0.305227012590614
"430",36,"severe","50-64 years",22,2.35546038543897
"431",36,"severe","65-74 years",26,5.02415458937198
"432",36,"severe","75+ years",69,18.9041095890411
"433",37,"nonsevere","0-17 years",15325,1408.54779411765
"434",37,"nonsevere","18-29 years",10900,1388.53503184713
"435",37,"nonsevere","30-49 years",7976,608.622663105685
"436",37,"nonsevere","50-64 years",4752,508.779443254818
"437",37,"nonsevere","65-74 years",2775,536.231884057971
"438",37,"nonsevere","75+ years",2652,726.575342465753
"439",37,"severe","0-17 years",0,0
"440",37,"severe","18-29 years",1,0.127388535031847
"441",37,"severe","30-49 years",5,0.381533765738268
"442",37,"severe","50-64 years",12,1.2847965738758
"443",37,"severe","65-74 years",24,4.63768115942029
"444",37,"severe","75+ years",49,13.4246575342466
"445",38,"nonsevere","0-17 years",14188,1304.04411764706
"446",38,"nonsevere","18-29 years",10160,1294.26751592357
"447",38,"nonsevere","30-49 years",7217,550.705837466616
"448",38,"nonsevere","50-64 years",4394,470.449678800857
"449",38,"nonsevere","65-74 years",2472,477.68115942029
"450",38,"nonsevere","75+ years",2276,623.561643835616
"451",38,"severe","0-17 years",0,0
"452",38,"severe","18-29 years",2,0.254777070063694
"453",38,"severe","30-49 years",5,0.381533765738268
"454",38,"severe","50-64 years",19,2.03426124197002
"455",38,"severe","65-74 years",21,4.05797101449275
"456",38,"severe","75+ years",39,10.6849315068493
"457",39,"nonsevere","0-17 years",13819,1270.12867647059
"458",39,"nonsevere","18-29 years",10040,1278.98089171975
"459",39,"nonsevere","30-49 years",6772,516.74933231591
"460",39,"nonsevere","50-64 years",3961,424.089935760171
"461",39,"nonsevere","65-74 years",2204,425.893719806763
"462",39,"nonsevere","75+ years",2209,605.205479452055
"463",39,"severe","0-17 years",0,0
"464",39,"severe","18-29 years",2,0.254777070063694
"465",39,"severe","30-49 years",5,0.381533765738268
"466",39,"severe","50-64 years",14,1.49892933618844
"467",39,"severe","65-74 years",12,2.31884057971015
"468",39,"severe","75+ years",27,7.3972602739726
"469",40,"nonsevere","0-17 years",13022,1196.875
"470",40,"nonsevere","18-29 years",9245,1177.70700636943
"471",40,"nonsevere","30-49 years",6114,466.539488744754
"472",40,"nonsevere","50-64 years",3537,378.693790149893
"473",40,"nonsevere","65-74 years",1991,384.734299516908
"474",40,"nonsevere","75+ years",1918,525.479452054794
"475",40,"severe","0-17 years",0,0
"476",40,"severe","18-29 years",2,0.254777070063694
"477",40,"severe","30-49 years",7,0.534147272033575
"478",40,"severe","50-64 years",14,1.49892933618844
"479",40,"severe","65-74 years",16,3.09178743961353
"480",40,"severe","75+ years",30,8.21917808219178
"481",41,"nonsevere","0-17 years",12366,1136.58088235294
"482",41,"nonsevere","18-29 years",8827,1124.45859872611
"483",41,"nonsevere","30-49 years",5727,437.008775276612
"484",41,"nonsevere","50-64 years",3178,340.256959314775
"485",41,"nonsevere","65-74 years",1797,347.246376811594
"486",41,"nonsevere","75+ years",1853,507.671232876712
"487",41,"severe","0-17 years",0,0
"488",41,"severe","18-29 years",2,0.254777070063694
"489",41,"severe","30-49 years",6,0.457840518885921
"490",41,"severe","50-64 years",14,1.49892933618844
"491",41,"severe","65-74 years",16,3.09178743961353
"492",41,"severe","75+ years",23,6.3013698630137
"493",42,"nonsevere","0-17 years",12380,1137.86764705882
"494",42,"nonsevere","18-29 years",8587,1093.88535031847
"495",42,"nonsevere","30-49 years",5346,407.935902327356
"496",42,"nonsevere","50-64 years",3065,328.158458244111
"497",42,"nonsevere","65-74 years",1732,334.685990338164
"498",42,"nonsevere","75+ years",1704,466.849315068493
"499",42,"severe","0-17 years",0,0
"500",42,"severe","18-29 years",0,0
"501",42,"severe","30-49 years",1,0.0763067531476536
"502",42,"severe","50-64 years",14,1.49892933618844
"503",42,"severe","65-74 years",17,3.28502415458937
"504",42,"severe","75+ years",29,7.94520547945205
"505",43,"nonsevere","0-17 years",12464,1145.58823529412
"506",43,"nonsevere","18-29 years",8834,1125.35031847134
"507",43,"nonsevere","30-49 years",5256,401.068294544067
"508",43,"nonsevere","50-64 years",3040,325.481798715203
"509",43,"nonsevere","65-74 years",1636,316.135265700483
"510",43,"nonsevere","75+ years",1697,464.931506849315
"511",43,"severe","0-17 years",0,0
"512",43,"severe","18-29 years",2,0.254777070063694
"513",43,"severe","30-49 years",3,0.228920259442961
"514",43,"severe","50-64 years",17,1.82012847965739
"515",43,"severe","65-74 years",15,2.89855072463768
"516",43,"severe","75+ years",26,7.12328767123288
"517",44,"nonsevere","0-17 years",12921,1187.59191176471
"518",44,"nonsevere","18-29 years",9341,1189.93630573248
"519",44,"nonsevere","30-49 years",5311,405.265165967188
"520",44,"nonsevere","50-64 years",2958,316.702355460385
"521",44,"nonsevere","65-74 years",1617,312.463768115942
"522",44,"nonsevere","75+ years",1738,476.164383561644
"523",44,"severe","0-17 years",0,0
"524",44,"severe","18-29 years",0,0
"525",44,"severe","30-49 years",3,0.228920259442961
"526",44,"severe","50-64 years",5,0.535331905781585
"527",44,"severe","65-74 years",7,1.35265700483092
"528",44,"severe","75+ years",30,8.21917808219178
"529",45,"nonsevere","0-17 years",13834,1271.50735294118
"530",45,"nonsevere","18-29 years",9852,1255.03184713376
"531",45,"nonsevere","30-49 years",5684,433.727584891263
"532",45,"nonsevere","50-64 years",3295,352.783725910064
"533",45,"nonsevere","65-74 years",1760,340.096618357488
"534",45,"nonsevere","75+ years",1694,464.109589041096
"535",45,"severe","0-17 years",0,0
"536",45,"severe","18-29 years",3,0.382165605095541
"537",45,"severe","30-49 years",7,0.534147272033575
"538",45,"severe","50-64 years",8,0.856531049250535
"539",45,"severe","65-74 years",11,2.1256038647343
"540",45,"severe","75+ years",22,6.02739726027397
"541",46,"nonsevere","0-17 years",15007,1379.31985294118
"542",46,"nonsevere","18-29 years",10787,1374.14012738854
"543",46,"nonsevere","30-49 years",6187,472.109881724533
"544",46,"nonsevere","50-64 years",3434,367.665952890792
"545",46,"nonsevere","65-74 years",1922,371.400966183575
"546",46,"nonsevere","75+ years",1922,526.575342465753
"547",46,"severe","0-17 years",0,0
"548",46,"severe","18-29 years",3,0.382165605095541
"549",46,"severe","30-49 years",3,0.228920259442961
"550",46,"severe","50-64 years",9,0.963597430406852
"551",46,"severe","65-74 years",19,3.67149758454106
"552",46,"severe","75+ years",24,6.57534246575342
"553",47,"nonsevere","0-17 years",16662,1531.43382352941
"554",47,"nonsevere","18-29 years",11912,1517.45222929936
"555",47,"nonsevere","30-49 years",6742,514.46012972148
"556",47,"nonsevere","50-64 years",3909,418.522483940043
"557",47,"nonsevere","65-74 years",2102,406.183574879227
"558",47,"nonsevere","75+ years",1986,544.109589041096
"559",47,"severe","0-17 years",0,0
"560",47,"severe","18-29 years",0,0
"561",47,"severe","30-49 years",12,0.915681037771843
"562",47,"severe","50-64 years",17,1.82012847965739
"563",47,"severe","65-74 years",13,2.51207729468599
"564",47,"severe","75+ years",34,9.31506849315068
"565",48,"nonsevere","0-17 years",18688,1717.64705882353
"566",48,"nonsevere","18-29 years",13581,1730.06369426752
"567",48,"nonsevere","30-49 years",7312,557.954979015643
"568",48,"nonsevere","50-64 years",4145,443.790149892934
"569",48,"nonsevere","65-74 years",2366,457.19806763285
"570",48,"nonsevere","75+ years",2281,624.931506849315
"571",48,"severe","0-17 years",0,0
"572",48,"severe","18-29 years",2,0.254777070063694
"573",48,"severe","30-49 years",5,0.381533765738268
"574",48,"severe","50-64 years",20,2.14132762312634
"575",48,"severe","65-74 years",16,3.09178743961353
"576",48,"severe","75+ years",32,8.76712328767123
"577",49,"nonsevere","0-17 years",21242,1952.38970588235
"578",49,"nonsevere","18-29 years",15308,1950.06369426752
"579",49,"nonsevere","30-49 years",8407,641.510873712324
"580",49,"nonsevere","50-64 years",4744,507.922912205567
"581",49,"nonsevere","65-74 years",2667,515.36231884058
"582",49,"nonsevere","75+ years",2528,692.602739726027
"583",49,"severe","0-17 years",0,0
"584",49,"severe","18-29 years",3,0.382165605095541
"585",49,"severe","30-49 years",7,0.534147272033575
"586",49,"severe","50-64 years",12,1.2847965738758
"587",49,"severe","65-74 years",17,3.28502415458937
"588",49,"severe","75+ years",41,11.2328767123288
"589",50,"nonsevere","0-17 years",24586,2259.74264705882
"590",50,"nonsevere","18-29 years",17467,2225.09554140127
"591",50,"nonsevere","30-49 years",9456,721.556657764212
"592",50,"nonsevere","50-64 years",5555,594.75374732334
"593",50,"nonsevere","65-74 years",2976,575.072463768116
"594",50,"nonsevere","75+ years",2836,776.986301369863
"595",50,"severe","0-17 years",0,0
"596",50,"severe","18-29 years",1,0.127388535031847
"597",50,"severe","30-49 years",9,0.686760778328882
"598",50,"severe","50-64 years",23,2.46252676659529
"599",50,"severe","65-74 years",22,4.2512077294686
"600",50,"severe","75+ years",55,15.0684931506849
"601",51,"nonsevere","0-17 years",27706,2546.50735294118
"602",51,"nonsevere","18-29 years",19875,2531.84713375796
"603",51,"nonsevere","30-49 years",11055,843.57115604731
"604",51,"nonsevere","50-64 years",6182,661.884368308351
"605",51,"nonsevere","65-74 years",3408,658.550724637681
"606",51,"nonsevere","75+ years",3329,912.054794520548
"607",51,"severe","0-17 years",0,0
"608",51,"severe","18-29 years",4,0.509554140127389
"609",51,"severe","30-49 years",10,0.763067531476536
"610",51,"severe","50-64 years",20,2.14132762312634
"611",51,"severe","65-74 years",30,5.79710144927536
"612",51,"severe","75+ years",55,15.0684931506849
"613",52,"nonsevere","0-17 years",31049,2853.76838235294
"614",52,"nonsevere","18-29 years",22434,2857.83439490446
"615",52,"nonsevere","30-49 years",12568,959.02327355971
"616",52,"nonsevere","50-64 years",7112,761.456102783726
"617",52,"nonsevere","65-74 years",3978,768.695652173913
"618",52,"nonsevere","75+ years",3843,1052.87671232877
"619",52,"severe","0-17 years",0,0
"620",52,"severe","18-29 years",3,0.382165605095541
"621",52,"severe","30-49 years",8,0.610454025181228
"622",52,"severe","50-64 years",22,2.35546038543897
"623",52,"severe","65-74 years",25,4.83091787439614
"624",52,"severe","75+ years",71,19.4520547945205
"625",53,"nonsevere","0-17 years",34374,3159.375
"626",53,"nonsevere","18-29 years",24668,3142.4203821656
"627",53,"nonsevere","30-49 years",14096,1075.61999236932
"628",53,"nonsevere","50-64 years",8080,865.096359743041
"629",53,"nonsevere","65-74 years",4411,852.367149758454
"630",53,"nonsevere","75+ years",4274,1170.95890410959
"631",53,"severe","0-17 years",0,0
"632",53,"severe","18-29 years",4,0.509554140127389
"633",53,"severe","30-49 years",14,1.06829454406715
"634",53,"severe","50-64 years",26,2.78372591006424
"635",53,"severe","65-74 years",31,5.99033816425121
"636",53,"severe","75+ years",60,16.4383561643836
"637",54,"nonsevere","0-17 years",37055,3405.79044117647
"638",54,"nonsevere","18-29 years",26560,3383.43949044586
"639",54,"nonsevere","30-49 years",15419,1176.57382678367
"640",54,"nonsevere","50-64 years",8996,963.169164882227
"641",54,"nonsevere","65-74 years",4987,963.671497584541
"642",54,"nonsevere","75+ years",4856,1330.41095890411
"643",54,"severe","0-17 years",0,0
"644",54,"severe","18-29 years",4,0.509554140127389
"645",54,"severe","30-49 years",9,0.686760778328882
"646",54,"severe","50-64 years",38,4.06852248394004
"647",54,"severe","65-74 years",35,6.76328502415459
"648",54,"severe","75+ years",73,20
"649",55,"nonsevere","0-17 years",39560,3636.02941176471
"650",55,"nonsevere","18-29 years",28213,3594.0127388535
"651",55,"nonsevere","30-49 years",16738,1277.22243418543
"652",55,"nonsevere","50-64 years",9714,1040.04282655246
"653",55,"nonsevere","65-74 years",5403,1044.05797101449
"654",55,"nonsevere","75+ years",5278,1446.02739726027
"655",55,"severe","0-17 years",0,0
"656",55,"severe","18-29 years",6,0.764331210191083
"657",55,"severe","30-49 years",12,0.915681037771843
"658",55,"severe","50-64 years",24,2.56959314775161
"659",55,"severe","65-74 years",51,9.85507246376812
"660",55,"severe","75+ years",98,26.8493150684932
"661",56,"nonsevere","0-17 years",40153,3690.53308823529
"662",56,"nonsevere","18-29 years",28998,3694.0127388535
"663",56,"nonsevere","30-49 years",17848,1361.92293017932
"664",56,"nonsevere","50-64 years",10435,1117.23768736617
"665",56,"nonsevere","65-74 years",5774,1115.74879227053
"666",56,"nonsevere","75+ years",5639,1544.93150684931
"667",56,"severe","0-17 years",0,0
"668",56,"severe","18-29 years",8,1.01910828025478
"669",56,"severe","30-49 years",17,1.29721480351011
"670",56,"severe","50-64 years",35,3.74732334047109
"671",56,"severe","65-74 years",48,9.27536231884058
"672",56,"severe","75+ years",83,22.7397260273973
"673",57,"nonsevere","0-17 years",40070,3682.90441176471
"674",57,"nonsevere","18-29 years",29072,3703.43949044586
"675",57,"nonsevere","30-49 years",18144,1384.50972911103
"676",57,"nonsevere","50-64 years",10667,1142.07708779443
"677",57,"nonsevere","65-74 years",6310,1219.32367149758
"678",57,"nonsevere","75+ years",5905,1617.80821917808
"679",57,"severe","0-17 years",0,0
"680",57,"severe","18-29 years",8,1.01910828025478
"681",57,"severe","30-49 years",12,0.915681037771843
"682",57,"severe","50-64 years",35,3.74732334047109
"683",57,"severe","65-74 years",50,9.66183574879227
"684",57,"severe","75+ years",88,24.1095890410959
"685",58,"nonsevere","0-17 years",38654,3552.75735294118
"686",58,"nonsevere","18-29 years",27993,3565.9872611465
"687",58,"nonsevere","30-49 years",18361,1401.06829454407
"688",58,"nonsevere","50-64 years",10777,1153.85438972163
"689",58,"nonsevere","65-74 years",6374,1231.69082125604
"690",58,"nonsevere","75+ years",6007,1645.75342465753
"691",58,"severe","0-17 years",0,0
"692",58,"severe","18-29 years",4,0.509554140127389
"693",58,"severe","30-49 years",15,1.1446012972148
"694",58,"severe","50-64 years",38,4.06852248394004
"695",58,"severe","65-74 years",47,9.08212560386473
"696",58,"severe","75+ years",87,23.8356164383562
"697",59,"nonsevere","0-17 years",36266,3333.27205882353
"698",59,"nonsevere","18-29 years",26546,3381.65605095541
"699",59,"nonsevere","30-49 years",18111,1381.99160625715
"700",59,"nonsevere","50-64 years",10537,1128.15845824411
"701",59,"nonsevere","65-74 years",6078,1174.49275362319
"702",59,"nonsevere","75+ years",5885,1612.32876712329
"703",59,"severe","0-17 years",0,0
"704",59,"severe","18-29 years",4,0.509554140127389
"705",59,"severe","30-49 years",19,1.44982830980542
"706",59,"severe","50-64 years",30,3.21199143468951
"707",59,"severe","65-74 years",41,7.92270531400966
"708",59,"severe","75+ years",100,27.3972602739726
"709",60,"nonsevere","0-17 years",33294,3060.11029411765
"710",60,"nonsevere","18-29 years",24093,3069.17197452229
"711",60,"nonsevere","30-49 years",17137,1307.66882869134
"712",60,"nonsevere","50-64 years",10074,1078.58672376874
"713",60,"nonsevere","65-74 years",5915,1142.99516908213
"714",60,"nonsevere","75+ years",5539,1517.53424657534
"715",60,"severe","0-17 years",0,0
"716",60,"severe","18-29 years",2,0.254777070063694
"717",60,"severe","30-49 years",11,0.839374284624189
"718",60,"severe","50-64 years",27,2.89079229122056
"719",60,"severe","65-74 years",47,9.08212560386473
"720",60,"severe","75+ years",82,22.4657534246575
"721",61,"nonsevere","0-17 years",29667,2726.74632352941
"722",61,"nonsevere","18-29 years",22008,2803.56687898089
"723",61,"nonsevere","30-49 years",15753,1202.06028233499
"724",61,"nonsevere","50-64 years",9305,996.252676659529
"725",61,"nonsevere","65-74 years",5283,1020.86956521739
"726",61,"nonsevere","75+ years",5188,1421.3698630137
"727",61,"severe","0-17 years",0,0
"728",61,"severe","18-29 years",4,0.509554140127389
"729",61,"severe","30-49 years",11,0.839374284624189
"730",61,"severe","50-64 years",32,3.42612419700214
"731",61,"severe","65-74 years",55,10.6280193236715
"732",61,"severe","75+ years",70,19.1780821917808
"733",62,"nonsevere","0-17 years",26369,2423.62132352941
"734",62,"nonsevere","18-29 years",19357,2465.85987261147
"735",62,"nonsevere","30-49 years",14245,1086.98969858833
"736",62,"nonsevere","50-64 years",8441,903.747323340471
"737",62,"nonsevere","65-74 years",4688,905.893719806763
"738",62,"nonsevere","75+ years",4539,1243.56164383562
"739",62,"severe","0-17 years",0,0
"740",62,"severe","18-29 years",3,0.382165605095541
"741",62,"severe","30-49 years",11,0.839374284624189
"742",62,"severe","50-64 years",28,2.99785867237687
"743",62,"severe","65-74 years",40,7.72946859903382
"744",62,"severe","75+ years",60,16.4383561643836
"745",63,"nonsevere","0-17 years",23152,2127.94117647059
"746",63,"nonsevere","18-29 years",16998,2165.35031847134
"747",63,"nonsevere","30-49 years",12246,934.452499046165
"748",63,"nonsevere","50-64 years",7161,766.702355460385
"749",63,"nonsevere","65-74 years",4050,782.608695652174
"750",63,"nonsevere","75+ years",3972,1088.21917808219
"751",63,"severe","0-17 years",0,0
"752",63,"severe","18-29 years",1,0.127388535031847
"753",63,"severe","30-49 years",6,0.457840518885921
"754",63,"severe","50-64 years",37,3.96145610278373
"755",63,"severe","65-74 years",27,5.21739130434783
"756",63,"severe","75+ years",54,14.7945205479452
"757",64,"nonsevere","0-17 years",20251,1861.30514705882
"758",64,"nonsevere","18-29 years",14704,1873.12101910828
"759",64,"nonsevere","30-49 years",10840,827.165204120565
"760",64,"nonsevere","50-64 years",6361,681.049250535332
"761",64,"nonsevere","65-74 years",3495,675.36231884058
"762",64,"nonsevere","75+ years",3328,911.780821917808
"763",64,"severe","0-17 years",0,0
"764",64,"severe","18-29 years",1,0.127388535031847
"765",64,"severe","30-49 years",9,0.686760778328882
"766",64,"severe","50-64 years",21,2.24839400428265
"767",64,"severe","65-74 years",28,5.41062801932367
"768",64,"severe","75+ years",55,15.0684931506849
"769",65,"nonsevere","0-17 years",17985,1653.03308823529
"770",65,"nonsevere","18-29 years",12967,1651.84713375796
"771",65,"nonsevere","30-49 years",9416,718.504387638306
"772",65,"nonsevere","50-64 years",5381,576.124197002141
"773",65,"nonsevere","65-74 years",3053,589.951690821256
"774",65,"nonsevere","75+ years",2889,791.506849315068
"775",65,"severe","0-17 years",0,0
"776",65,"severe","18-29 years",1,0.127388535031847
"777",65,"severe","30-49 years",3,0.228920259442961
"778",65,"severe","50-64 years",21,2.24839400428265
"779",65,"severe","65-74 years",29,5.60386473429952
"780",65,"severe","75+ years",43,11.7808219178082
"781",66,"nonsevere","0-17 years",16586,1524.44852941176
"782",66,"nonsevere","18-29 years",11987,1527.00636942675
"783",66,"nonsevere","30-49 years",8742,667.073636016787
"784",66,"nonsevere","50-64 years",5042,539.82869379015
"785",66,"nonsevere","65-74 years",2706,522.898550724638
"786",66,"nonsevere","75+ years",2536,694.794520547945
"787",66,"severe","0-17 years",0,0
"788",66,"severe","18-29 years",3,0.382165605095541
"789",66,"severe","30-49 years",17,1.29721480351011
"790",66,"severe","50-64 years",7,0.749464668094218
"791",66,"severe","65-74 years",16,3.09178743961353
"792",66,"severe","75+ years",49,13.4246575342466
"793",67,"nonsevere","0-17 years",15815,1453.58455882353
"794",67,"nonsevere","18-29 years",11795,1502.54777070064
"795",67,"nonsevere","30-49 years",8029,612.66692102251
"796",67,"nonsevere","50-64 years",4703,503.533190578158
"797",67,"nonsevere","65-74 years",2582,498.937198067633
"798",67,"nonsevere","75+ years",2309,632.602739726027
"799",67,"severe","0-17 years",0,0
"800",67,"severe","18-29 years",5,0.636942675159236
"801",67,"severe","30-49 years",3,0.228920259442961
"802",67,"severe","50-64 years",12,1.2847965738758
"803",67,"severe","65-74 years",25,4.83091787439614
"804",67,"severe","75+ years",36,9.86301369863014
"805",68,"nonsevere","0-17 years",15469,1421.78308823529
"806",68,"nonsevere","18-29 years",11452,1458.85350318471
"807",68,"nonsevere","30-49 years",7452,568.637924456314
"808",68,"nonsevere","50-64 years",4366,467.45182012848
"809",68,"nonsevere","65-74 years",2352,454.492753623188
"810",68,"nonsevere","75+ years",2100,575.342465753425
"811",68,"severe","0-17 years",0,0
"812",68,"severe","18-29 years",2,0.254777070063694
"813",68,"severe","30-49 years",8,0.610454025181228
"814",68,"severe","50-64 years",25,2.67665952890792
"815",68,"severe","65-74 years",17,3.28502415458937
"816",68,"severe","75+ years",37,10.1369863013699
"817",69,"nonsevere","0-17 years",15548,1429.04411764706
"818",69,"nonsevere","18-29 years",11213,1428.4076433121
"819",69,"nonsevere","30-49 years",7497,572.071728347959
"820",69,"nonsevere","50-64 years",4184,447.96573875803
"821",69,"nonsevere","65-74 years",2229,430.724637681159
"822",69,"nonsevere","75+ years",1921,526.301369863014
"823",69,"severe","0-17 years",0,0
"824",69,"severe","18-29 years",5,0.636942675159236
"825",69,"severe","30-49 years",5,0.381533765738268
"826",69,"severe","50-64 years",9,0.963597430406852
"827",69,"severe","65-74 years",14,2.70531400966184
"828",69,"severe","75+ years",38,10.4109589041096
"829",70,"nonsevere","0-17 years",15718,1444.66911764706
"830",70,"nonsevere","18-29 years",11523,1467.89808917197
"831",70,"nonsevere","30-49 years",7296,556.73407096528
"832",70,"nonsevere","50-64 years",4129,442.077087794433
"833",70,"nonsevere","65-74 years",2094,404.63768115942
"834",70,"nonsevere","75+ years",1900,520.547945205479
"835",70,"severe","0-17 years",0,0
"836",70,"severe","18-29 years",2,0.254777070063694
"837",70,"severe","30-49 years",5,0.381533765738268
"838",70,"severe","50-64 years",10,1.07066381156317
"839",70,"severe","65-74 years",20,3.86473429951691
"840",70,"severe","75+ years",36,9.86301369863014
"841",71,"nonsevere","0-17 years",17711,1627.84926470588
"842",71,"nonsevere","18-29 years",12985,1654.14012738853
"843",71,"nonsevere","30-49 years",8155,622.281571919115
"844",71,"nonsevere","50-64 years",4586,491.006423982869
"845",71,"nonsevere","65-74 years",2227,430.338164251208
"846",71,"nonsevere","75+ years",2093,573.424657534247
"847",71,"severe","0-17 years",0,0
"848",71,"severe","18-29 years",2,0.254777070063694
"849",71,"severe","30-49 years",4,0.305227012590614
"850",71,"severe","50-64 years",15,1.60599571734475
"851",71,"severe","65-74 years",19,3.67149758454106
"852",71,"severe","75+ years",35,9.58904109589041
"853",72,"nonsevere","0-17 years",20492,1883.45588235294
"854",72,"nonsevere","18-29 years",14867,1893.88535031847
"855",72,"nonsevere","30-49 years",8886,678.06180847005
"856",72,"nonsevere","50-64 years",4970,532.119914346895
"857",72,"nonsevere","65-74 years",2485,480.193236714976
"858",72,"nonsevere","75+ years",2377,651.232876712329
"859",72,"severe","0-17 years",0,0
"860",72,"severe","18-29 years",2,0.254777070063694
"861",72,"severe","30-49 years",8,0.610454025181228
"862",72,"severe","50-64 years",10,1.07066381156317
"863",72,"severe","65-74 years",19,3.67149758454106
"864",72,"severe","75+ years",39,10.6849315068493
"865",73,"nonsevere","0-17 years",24142,2218.93382352941
"866",73,"nonsevere","18-29 years",17551,2235.79617834395
"867",73,"nonsevere","30-49 years",10438,796.489889355208
"868",73,"nonsevere","50-64 years",5812,622.269807280514
"869",73,"nonsevere","65-74 years",2854,551.497584541063
"870",73,"nonsevere","75+ years",2792,764.931506849315
"871",73,"severe","0-17 years",0,0
"872",73,"severe","18-29 years",3,0.382165605095541
"873",73,"severe","30-49 years",10,0.763067531476536
"874",73,"severe","50-64 years",17,1.82012847965739
"875",73,"severe","65-74 years",16,3.09178743961353
"876",73,"severe","75+ years",44,12.0547945205479
"877",74,"nonsevere","0-17 years",28431,2613.14338235294
"878",74,"nonsevere","18-29 years",20810,2650.95541401274
"879",74,"nonsevere","30-49 years",12196,930.637161388783
"880",74,"nonsevere","50-64 years",6706,717.987152034261
"881",74,"nonsevere","65-74 years",3299,637.487922705314
"882",74,"nonsevere","75+ years",3131,857.808219178082
"883",74,"severe","0-17 years",0,0
"884",74,"severe","18-29 years",6,0.764331210191083
"885",74,"severe","30-49 years",7,0.534147272033575
"886",74,"severe","50-64 years",19,2.03426124197002
"887",74,"severe","65-74 years",22,4.2512077294686
"888",74,"severe","75+ years",49,13.4246575342466
"889",75,"nonsevere","0-17 years",36852,3387.13235294118
"890",75,"nonsevere","18-29 years",27071,3448.53503184713
"891",75,"nonsevere","30-49 years",15537,1185.57802365509
"892",75,"nonsevere","50-64 years",8773,939.293361884368
"893",75,"nonsevere","65-74 years",4424,854.87922705314
"894",75,"nonsevere","75+ years",4054,1110.68493150685
"895",75,"severe","0-17 years",0,0
"896",75,"severe","18-29 years",5,0.636942675159236
"897",75,"severe","30-49 years",12,0.915681037771843
"898",75,"severe","50-64 years",25,2.67665952890792
"899",75,"severe","65-74 years",38,7.34299516908213
"900",75,"severe","75+ years",66,18.0821917808219
"901",76,"nonsevere","0-17 years",46366,4261.58088235294
"902",76,"nonsevere","18-29 years",33571,4276.56050955414
"903",76,"nonsevere","30-49 years",20175,1539.48874475391
"904",76,"nonsevere","50-64 years",11052,1183.29764453961
"905",76,"nonsevere","65-74 years",5693,1100.09661835749
"906",76,"nonsevere","75+ years",5231,1433.15068493151
"907",76,"severe","0-17 years",0,0
"908",76,"severe","18-29 years",5,0.636942675159236
"909",76,"severe","30-49 years",17,1.29721480351011
"910",76,"severe","50-64 years",35,3.74732334047109
"911",76,"severe","65-74 years",43,8.30917874396135
"912",76,"severe","75+ years",80,21.9178082191781
"913",77,"nonsevere","0-17 years",56399,5183.73161764706
"914",77,"nonsevere","18-29 years",40985,5221.01910828025
"915",77,"nonsevere","30-49 years",25052,1911.63677985502
"916",77,"nonsevere","50-64 years",13978,1496.573875803
"917",77,"nonsevere","65-74 years",7070,1366.18357487923
"918",77,"nonsevere","75+ years",6704,1836.71232876712
"919",77,"severe","0-17 years",0,0
"920",77,"severe","18-29 years",3,0.382165605095541
"921",77,"severe","30-49 years",26,1.98397558183899
"922",77,"severe","50-64 years",48,5.13918629550321
"923",77,"severe","65-74 years",42,8.11594202898551
"924",77,"severe","75+ years",91,24.9315068493151
"925",78,"nonsevere","0-17 years",64808,5956.61764705882
"926",78,"nonsevere","18-29 years",47121,6002.67515923567
"927",78,"nonsevere","30-49 years",30686,2341.5490270889
"928",78,"nonsevere","50-64 years",17006,1820.77087794433
"929",78,"nonsevere","65-74 years",8709,1682.89855072464
"930",78,"nonsevere","75+ years",8024,2198.35616438356
"931",78,"severe","0-17 years",0,0
"932",78,"severe","18-29 years",13,1.65605095541401
"933",78,"severe","30-49 years",25,1.90766882869134
"934",78,"severe","50-64 years",47,5.0321199143469
"935",78,"severe","65-74 years",51,9.85507246376812
"936",78,"severe","75+ years",105,28.7671232876712
"937",79,"nonsevere","0-17 years",9583,880.790441176471
"938",79,"nonsevere","18-29 years",7205,917.834394904459
"939",79,"nonsevere","30-49 years",4717,359.938954597482
"940",79,"nonsevere","50-64 years",2675,286.402569593148
"941",79,"nonsevere","65-74 years",1387,268.019323671498
"942",79,"nonsevere","75+ years",1286,352.328767123288
"943",79,"severe","0-17 years",0,0
"944",79,"severe","18-29 years",2,0.254777070063694
"945",79,"severe","30-49 years",3,0.228920259442961
"946",79,"severe","50-64 years",10,1.07066381156317
"947",79,"severe","65-74 years",7,1.35265700483092
"948",79,"severe","75+ years",17,4.65753424657534
"949",NA,"nonsevere","0-17 years",220010,20221.5073529412
"950",NA,"nonsevere","18-29 years",122824,15646.3694267516
"951",NA,"nonsevere","30-49 years",98966,7551.77413201068
"952",NA,"nonsevere","50-64 years",79410,8502.14132762313
"953",NA,"nonsevere","65-74 years",20440,3949.75845410628
"954",NA,"nonsevere","75+ years",20612,5647.12328767123
"955",NA,"severe","0-17 years",424756,39040.0735294118
"956",NA,"severe","18-29 years",239594,30521.5286624204
"957",NA,"severe","30-49 years",600200,45799.3132392217
"958",NA,"severe","50-64 years",619236,66299.357601713
"959",NA,"severe","65-74 years",514867,99491.2077294686
"960",NA,"severe","75+ years",377444,103409.315068493
