"","week","date","age_group","risk_group","risk_coverage","prop_up_to_date_sim_period"
"1",1,2023-07-08,"0-17 years","healthy",0,0.00117664737720842
"2",2,2023-07-15,"0-17 years","healthy",0,0.00117664737720842
"3",3,2023-07-22,"0-17 years","healthy",0,0.00117664737720842
"4",4,2023-07-29,"0-17 years","healthy",0,0.00117664737720842
"5",5,2023-08-05,"0-17 years","healthy",0,0.00117664737720842
"6",6,2023-08-12,"0-17 years","healthy",0,0.00117664737720842
"7",7,2023-08-19,"0-17 years","healthy",0,0.00117664737720842
"8",8,2023-08-26,"0-17 years","healthy",0,0.00117664737720842
"9",9,2023-09-02,"0-17 years","healthy",0,0.00117664737720842
"10",10,2023-09-09,"0-17 years","healthy",0,0.00117664737720842
"11",11,2023-09-16,"0-17 years","healthy",0,0.00117664737720842
"12",12,2023-09-23,"0-17 years","healthy",0,0.00117664737720842
"13",28,2024-01-13,"0-17 years","healthy",0,0.00218053821717059
"14",29,2024-01-20,"0-17 years","healthy",0,0.0140381312891694
"15",30,2024-01-27,"0-17 years","healthy",0,0.00555744576360925
"16",31,2024-02-03,"0-17 years","healthy",0,0.0419787802869489
"17",32,2024-02-10,"0-17 years","healthy",0,0.00141442315098526
"18",33,2024-02-17,"0-17 years","healthy",0,0.0141442315098523
"19",34,2024-02-24,"0-17 years","healthy",0,0.00282884630197039
"20",35,2024-03-02,"0-17 years","healthy",0,0.0288482310248754
"21",36,2024-03-09,"0-17 years","healthy",0,0.000654161465151215
"22",37,2024-03-16,"0-17 years","healthy",0,0.00729016957664323
"23",38,2024-03-23,"0-17 years","healthy",0,0.0136727571261905
"24",39,2024-03-30,"0-17 years","healthy",0,0.00141442315098513
"25",40,2024-04-06,"0-17 years","healthy",0,0.0177567530190619
"26",41,2024-04-13,"0-17 years","healthy",0,0.000471474383661711
"27",42,2024-04-20,"0-17 years","healthy",0,0.000471474383661711
"28",43,2024-04-27,"0-17 years","healthy",0,0.00442595653444503
"29",44,2024-05-04,"0-17 years","healthy",0,0.0238742132459618
"30",45,2024-05-11,"0-17 years","healthy",0,0.00203321787590902
"31",46,2024-05-18,"0-17 years","healthy",0,0.000942948767323422
"32",47,2024-05-25,"0-17 years","healthy",0,0
"33",48,2024-06-01,"0-17 years","healthy",0,0.0179160265791462
"34",49,2024-06-08,"0-17 years","healthy",0,0.000471474383661466
"35",50,2024-06-15,"0-17 years","healthy",0,0.000471474383662201
"36",51,2024-06-22,"0-17 years","healthy",0,0.000942948767323422
"37",52,2024-06-30,"0-17 years","healthy",0,0
"38",13,2023-09-30,"0-17 years","healthy",0,0.0806808998677906
"39",14,2023-10-07,"0-17 years","healthy",0,0.0806808998677906
"40",15,2023-10-14,"0-17 years","healthy",0,0.0513907078191299
"41",16,2023-10-21,"0-17 years","healthy",0,0.0588635644772625
"42",17,2023-10-28,"0-17 years","healthy",0,0.0482730742149872
"43",18,2023-11-04,"0-17 years","healthy",0,0.150924236736799
"44",19,2023-11-11,"0-17 years","healthy",0,0.0334805346203349
"45",20,2023-11-18,"0-17 years","healthy",0,0.0524809769277151
"46",21,2023-11-25,"0-17 years","healthy",0,0.0163659898476018
"47",22,2023-12-02,"0-17 years","healthy",0,0.0941590166936691
"48",23,2023-12-09,"0-17 years","healthy",0,0.0103724364405584
"49",24,2023-12-16,"0-17 years","healthy",0,0.00373642832906612
"50",25,2023-12-23,"0-17 years","healthy",0,0.0228488242374808
"51",26,2023-12-30,"0-17 years","healthy",0,0.00493865103868572
"52",27,2024-01-06,"0-17 years","healthy",0,0.072883889167258
"53",1,2023-07-08,"18-29 years","healthy",0.0164289881029778,0.00195586342490004
"54",2,2023-07-15,"18-29 years","healthy",0.0246434821544667,0.00195586342490004
"55",3,2023-07-22,"18-29 years","healthy",0.0328579762059556,0.00195586342490004
"56",4,2023-07-29,"18-29 years","healthy",0.0410724702574445,0.00195586342490004
"57",5,2023-08-05,"18-29 years","healthy",0.0492869643089334,0.00195586342490004
"58",6,2023-08-12,"18-29 years","healthy",0.0575014583604223,0.00195586342490004
"59",7,2023-08-19,"18-29 years","healthy",0.0657159524119112,0.00195586342490004
"60",8,2023-08-26,"18-29 years","healthy",0.0739304464634001,0.00195586342490004
"61",9,2023-09-02,"18-29 years","healthy",0.082144940514889,0.00195586342490004
"62",10,2023-09-09,"18-29 years","healthy",0.0903594345663779,0.00195586342490004
"63",11,2023-09-16,"18-29 years","healthy",0.0985739286178668,0.00195586342490004
"64",12,2023-09-23,"18-29 years","healthy",0.106788422669356,0.00195586342490004
"65",21,2023-11-25,"18-29 years","healthy",1.88735077352715,0.0172837104230301
"66",16,2023-10-21,"18-29 years","healthy",0.943675386763577,0.0432092760575752
"67",19,2023-11-11,"18-29 years","healthy",1.70587473761108,0.0345674208460602
"68",27,2024-01-06,"18-29 years","healthy",3.26656864648931,0.120985972961211
"69",14,2023-10-07,"18-29 years","healthy",0.580723314931432,0.0691348416921203
"70",22,2023-12-02,"18-29 years","healthy",2.57695971000823,0.164195249018786
"71",17,2023-10-28,"18-29 years","healthy",1.16144662986286,0.0518511312690902
"72",20,2023-11-18,"18-29 years","healthy",1.81476035916073,0.0259255656345451
"73",28,2024-01-13,"18-29 years","healthy",3.37545426803895,0.0259255656345452
"74",15,2023-10-14,"18-29 years","healthy",0.762199350847505,0.0432092760575752
"75",23,2023-12-09,"18-29 years","healthy",2.61325491719144,0.00864185521151508
"76",18,2023-11-04,"18-29 years","healthy",1.56069390887822,0.0950604073266654
"77",13,2023-09-30,"18-29 years","healthy",0.290361657465716,0.0691348416921203
"78",34,2024-02-24,"18-29 years","healthy",3.59322551113824,0
"79",29,2024-01-20,"18-29 years","healthy",3.44804468240538,0.01728371042303
"80",24,2023-12-16,"18-29 years","healthy",2.64955012437466,0.00864185521151501
"81",32,2024-02-10,"18-29 years","healthy",3.52063509677181,0
"82",35,2024-03-02,"18-29 years","healthy",3.73840633987109,0.0345674208460602
"83",43,2024-04-27,"18-29 years","healthy",3.91988237578717,0
"84",30,2024-01-27,"18-29 years","healthy",3.48433988958859,0.00864185521151501
"85",25,2023-12-23,"18-29 years","healthy",2.72214053874109,0.0172837104230301
"86",33,2024-02-17,"18-29 years","healthy",3.59322551113824,0.0172837104230302
"87",36,2024-03-09,"18-29 years","healthy",3.77470154705431,0.00864185521151501
"88",44,2024-05-04,"18-29 years","healthy",3.9924727901536,0.01728371042303
"89",31,2024-02-03,"18-29 years","healthy",3.52063509677181,0.00864185521151501
"90",26,2023-12-30,"18-29 years","healthy",2.7584357459243,0.00864185521151501
"91",47,2024-05-25,"18-29 years","healthy",4.02876799733681,0.00864185521151501
"92",42,2024-04-20,"18-29 years","healthy",3.91988237578717,0
"93",37,2024-03-16,"18-29 years","healthy",3.77470154705431,0
"94",45,2024-05-11,"18-29 years","healthy",3.9924727901536,0
"95",40,2024-04-06,"18-29 years","healthy",3.91988237578717,0.0345674208460602
"96",48,2024-06-01,"18-29 years","healthy",4.06506320452002,0.00864185521151501
"97",51,2024-06-22,"18-29 years","healthy",4.06506320452002,0
"98",38,2024-03-23,"18-29 years","healthy",3.77470154705431,0
"99",46,2024-05-18,"18-29 years","healthy",3.9924727901536,0
"100",41,2024-04-13,"18-29 years","healthy",3.91988237578717,0
"101",49,2024-06-08,"18-29 years","healthy",4.06506320452002,0
"102",52,2024-06-30,"18-29 years","healthy",4.10135841170324,0.00864185521151516
"103",39,2024-03-31,"18-29 years","healthy",3.77470154705431,0
"104",50,2024-06-15,"18-29 years","healthy",4.06506320452002,0
"105",1,2023-07-08,"30-49 years","healthy",0.00740883550249918,0.000893565043475658
"106",3,2023-07-22,"30-49 years","healthy",0.0148176710049984,0.000893565043475658
"107",4,2023-07-29,"30-49 years","healthy",0.018522088756248,0.000893565043475658
"108",5,2023-08-05,"30-49 years","healthy",0.0222265065074976,0.000893565043475658
"109",6,2023-08-12,"30-49 years","healthy",0.0259309242587471,0.000893565043475658
"110",17,2023-10-28,"30-49 years","healthy",1.24707578272293,0.0527201026054262
"111",8,2023-08-26,"30-49 years","healthy",0.0333397597612463,0.000893565043475658
"112",9,2023-09-02,"30-49 years","healthy",0.0370441775124959,0.000893565043475658
"113",10,2023-09-09,"30-49 years","healthy",0.0407485952637455,0.000893565043475658
"114",11,2023-09-16,"30-49 years","healthy",0.0444530130149951,0.000893565043475658
"115",18,2023-11-04,"30-49 years","healthy",1.9541806079782,0.170565037841085
"116",13,2023-09-30,"30-49 years","healthy",0.26998547873383,0.0651248326302324
"117",21,2023-11-25,"30-49 years","healthy",2.48129511407758,0.0124047300248061
"118",16,2023-10-21,"30-49 years","healthy",1.02851610946221,0.0651248326302324
"119",24,2023-12-16,"30-49 years","healthy",3.02126607154525,0
"120",19,2023-11-11,"30-49 years","healthy",2.1855967326072,0.0558212851116278
"121",14,2023-10-07,"30-49 years","healthy",0.539970957467661,0.0651248326302324
"122",22,2023-12-02,"30-49 years","healthy",2.89270155786247,0.0992378401984493
"123",30,2024-01-27,"30-49 years","healthy",3.59980638311774,0.0155059125310077
"124",25,2023-12-23,"30-49 years","healthy",3.03412252291352,0.00310118250620148
"125",20,2023-11-18,"30-49 years","healthy",2.42986930860447,0.0589224676178294
"126",15,2023-10-14,"30-49 years","healthy",0.75853063072838,0.0527201026054262
"127",23,2023-12-09,"30-49 years","healthy",3.02126607154525,0.0310118250620155
"128",31,2024-02-03,"30-49 years","healthy",3.71551444543224,0.0279106425558138
"129",26,2023-12-30,"30-49 years","healthy",3.12411768249147,0.0217082775434108
"130",34,2024-02-24,"30-49 years","healthy",3.72837089680051,0.00310118250620159
"131",29,2024-01-20,"30-49 years","healthy",3.53552412627635,0.0124047300248061
"132",37,2024-03-16,"30-49 years","healthy",3.89550476458812,0
"133",32,2024-02-10,"30-49 years","healthy",3.71551444543224,0
"134",27,2024-01-06,"30-49 years","healthy",3.44552896669841,0.0775295626550385
"135",35,2024-03-02,"30-49 years","healthy",3.86979186185157,0.034113007568217
"136",43,2024-04-27,"30-49 years","healthy",4.01121282690262,0
"137",38,2024-03-23,"30-49 years","healthy",3.94693057006123,0.0124047300248061
"138",33,2024-02-17,"30-49 years","healthy",3.71551444543224,0
"139",28,2024-01-13,"30-49 years","healthy",3.48409832080324,0.00930354751860465
"140",36,2024-03-09,"30-49 years","healthy",3.89550476458812,0.00620236501240306
"141",44,2024-05-04,"30-49 years","healthy",4.04978218100746,0.00930354751860454
"142",39,2024-03-31,"30-49 years","healthy",3.95978702142951,0.00310118250620159
"143",47,2024-05-25,"30-49 years","healthy",4.04978218100746,0
"144",42,2024-04-20,"30-49 years","healthy",4.01121282690262,0.00310118250620181
"145",50,2024-06-15,"30-49 years","healthy",4.10120798648057,0.00310118250620137
"146",45,2024-05-11,"30-49 years","healthy",4.04978218100746,0
"147",40,2024-04-06,"30-49 years","healthy",3.99835637553435,0.00930354751860454
"148",48,2024-06-01,"30-49 years","healthy",4.08835153511229,0.00930354751860454
"149",2,2023-07-15,"30-49 years","healthy",0.0111132532537488,0.000893565043475658
"150",51,2024-06-22,"30-49 years","healthy",4.10120798648057,0
"151",46,2024-05-18,"30-49 years","healthy",4.04978218100746,0
"152",41,2024-04-13,"30-49 years","healthy",3.99835637553435,0
"153",49,2024-06-08,"30-49 years","healthy",4.08835153511229,0
"154",7,2023-08-19,"30-49 years","healthy",0.0296353420099967,0.000893565043475658
"155",52,2024-06-30,"30-49 years","healthy",4.10120798648057,0
"156",12,2023-09-23,"30-49 years","healthy",0.0481574307662447,0.000893565043475658
"157",1,2023-07-08,"50-64 years","healthy",0.0177036554705699,0.00131331742722879
"158",2,2023-07-15,"50-64 years","healthy",0.0265554832058549,0.00131331742722879
"159",3,2023-07-22,"50-64 years","healthy",0.0354073109411399,0.00131331742722879
"160",19,2023-11-11,"50-64 years","healthy",3.78483335172809,0.0858311424012865
"161",6,2023-08-12,"50-64 years","healthy",0.0619627941469947,0.00131331742722879
"162",7,2023-08-19,"50-64 years","healthy",0.0708146218822797,0.00131331742722879
"163",8,2023-08-26,"50-64 years","healthy",0.0796664496175647,0.00131331742722879
"164",25,2023-12-23,"50-64 years","healthy",5.31172633553274,0.0352963421638584
"165",20,2023-11-18,"50-64 years","healthy",4.03170553417871,0.0366276377270651
"166",11,2023-09-16,"50-64 years","healthy",0.10622193282342,0.00131331742722879
"167",12,2023-09-23,"50-64 years","healthy",0.115073760558704,0.00131331742722879
"168",18,2023-11-04,"50-64 years","healthy",3.20632698981826,0.09944573740287
"169",26,2023-12-30,"50-64 years","healthy",5.35014056429425,0.00569939650824256
"170",13,2023-09-30,"50-64 years","healthy",0.244013662443297,0.0362035282375938
"171",16,2023-10-21,"50-64 years","healthy",2.1045433183326,0.143918266702561
"172",24,2023-12-16,"50-64 years","healthy",5.07382715438853,0.0268005445833266
"173",32,2024-02-10,"50-64 years","healthy",6.04913278020257,0.00916031137954278
"174",27,2024-01-06,"50-64 years","healthy",5.61952932412875,0.0399683504435954
"175",14,2023-10-07,"50-64 years","healthy",0.488027324886594,0.0362035282375938
"176",17,2023-10-28,"50-64 years","healthy",2.53605754981239,0.0640223891886885
"177",30,2024-01-27,"50-64 years","healthy",5.98739180528505,0.00903330532921964
"178",33,2024-02-17,"50-64 years","healthy",6.05929810536231,0.00150819684758498
"179",28,2024-01-13,"50-64 years","healthy",5.80245931839418,0.0271407393609776
"180",15,2023-10-14,"50-64 years","healthy",1.13452671884226,0.0959190515412237
"181",23,2023-12-09,"50-64 years","healthy",4.89319009061026,0.0266032316122894
"182",31,2024-02-03,"50-64 years","healthy",5.98739180528505,0
"183",34,2024-02-24,"50-64 years","healthy",6.08788330543554,0.0042410948947129
"184",21,2023-11-25,"50-64 years","healthy",4.16471078863709,0.0197335650689284
"185",29,2024-01-20,"50-64 years","healthy",5.9265068577494,0.0184045374709061
"186",37,2024-03-16,"50-64 years","healthy",6.23765752485666,0.000117934189585644
"187",40,2024-04-06,"50-64 years","healthy",6.39097814343126,0.0177513634978167
"188",35,2024-03-02,"50-64 years","healthy",6.23580789426369,0.0219470990888427
"189",22,2023-12-02,"50-64 years","healthy",4.71388292651455,0.0814789172125413
"190",51,2024-06-22,"50-64 years","healthy",6.63017665185152,0.00043998524576159
"191",38,2024-03-23,"50-64 years","healthy",6.23848297983204,0.000122470119954149
"192",41,2024-04-13,"50-64 years","healthy",6.41655196146469,0.00379430575339807
"193",36,2024-03-09,"50-64 years","healthy",6.23686264228778,0.000156489597719387
"194",44,2024-05-04,"50-64 years","healthy",6.48402526260011,0.00972730267562734
"195",52,2024-06-30,"50-64 years","healthy",6.63383005442773,0.000542043679056822
"196",39,2024-03-31,"50-64 years","healthy",6.27133303061138,0.00487385718114321
"197",42,2024-04-20,"50-64 years","healthy",6.41846273687065,0.000283495648042364
"198",50,2024-06-15,"50-64 years","healthy",6.62721112842147,7.48428510832343e-05
"199",45,2024-05-11,"50-64 years","healthy",6.48561502773787,0.000235868379171127
"200",48,2024-06-01,"50-64 years","healthy",6.62670668371429,0.0207949727751989
"201",43,2024-04-27,"50-64 years","healthy",6.41846273687065,0
"202",4,2023-07-29,"50-64 years","healthy",0.0442591386764248,0.00131331742722879
"203",5,2023-08-05,"50-64 years","healthy",0.0531109664117098,0.00131331742722879
"204",46,2024-05-18,"50-64 years","healthy",6.48654748613598,0.000138345876244561
"205",49,2024-06-08,"50-64 years","healthy",6.62670668371429,0
"206",9,2023-09-02,"50-64 years","healthy",0.0885182773528496,0.00131331742722879
"207",10,2023-09-09,"50-64 years","healthy",0.0973701050881346,0.00131331742722879
"208",47,2024-05-25,"50-64 years","healthy",6.48654748613598,0
"209",4,2023-07-29,"65-74 years","healthy",0.442921618405662,0.00690894208579268
"210",5,2023-08-05,"65-74 years","healthy",0.531505942086795,0.00690894208579268
"211",19,2023-11-11,"65-74 years","healthy",6.94972090529702,0.0387163142995457
"212",27,2024-01-06,"65-74 years","healthy",9.8661216423413,0.0290372357246592
"213",14,2023-10-07,"65-74 years","healthy",2.8543496575327,0.111309403611194
"214",9,2023-09-02,"65-74 years","healthy",0.885843236811324,0.00690894208579268
"215",10,2023-09-09,"65-74 years","healthy",0.974427560492457,0.00690894208579268
"216",20,2023-11-18,"65-74 years","healthy",7.9425381774823,0.0774326285990913
"217",28,2024-01-13,"65-74 years","healthy",10.052274880876,0.0145186178623297
"218",15,2023-10-14,"65-74 years","healthy",4.37460110556643,0.118568712542359
"219",18,2023-11-04,"65-74 years","healthy",6.45331226920437,0.0483953928744321
"220",26,2023-12-30,"65-74 years","healthy",9.49381516527182,0.00725930893116483
"221",13,2023-09-30,"65-74 years","healthy",1.42717482876635,0.111309403611194
"222",21,2023-11-25,"65-74 years","healthy",8.09766587626126,0.012098848218608
"223",16,2023-10-21,"65-74 years","healthy",5.36741837775171,0.0774326285990913
"224",24,2023-12-16,"65-74 years","healthy",9.33868746649287,0.0290372357246592
"225",32,2024-02-10,"65-74 years","healthy",10.5486835169687,0.00483953928744328
"226",35,2024-03-02,"65-74 years","healthy",10.8589389145266,0.0169383875060513
"227",22,2023-12-02,"65-74 years","healthy",8.65612559186548,0.0435558535869889
"228",17,2023-10-28,"65-74 years","healthy",5.83280147408857,0.0362965446558241
"229",25,2023-12-23,"65-74 years","healthy",9.40073854600445,0.00483953928744319
"230",33,2024-02-17,"65-74 years","healthy",10.5797090567245,0.00241976964372164
"231",36,2024-03-09,"65-74 years","healthy",10.9830410735497,0.00967907857488638
"232",23,2023-12-09,"65-74 years","healthy",8.96638098942339,0.024197696437216
"233",31,2024-02-03,"65-74 years","healthy",10.4866324374571,0
"234",34,2024-02-24,"65-74 years","healthy",10.6417601362361,0.0048395392874431
"235",42,2024-04-20,"65-74 years","healthy",11.3553475506192,0.00241976964372164
"236",29,2024-01-20,"65-74 years","healthy",10.3935558181897,0.0266174660809377
"237",37,2024-03-16,"65-74 years","healthy",11.1691943120845,0.0145186178623297
"238",45,2024-05-11,"65-74 years","healthy",11.541500789154,0
"239",40,2024-04-06,"65-74 years","healthy",11.2932964711077,0.00241976964372164
"240",43,2024-04-27,"65-74 years","healthy",11.4173986301308,0.0048395392874431
"241",30,2024-01-27,"65-74 years","healthy",10.4866324374571,0.00725930893116474
"242",38,2024-03-23,"65-74 years","healthy",11.2002198518403,0.00241976964372164
"243",46,2024-05-18,"65-74 years","healthy",11.541500789154,0
"244",41,2024-04-13,"65-74 years","healthy",11.3243220108634,0.00241976964372164
"245",44,2024-05-04,"65-74 years","healthy",11.541500789154,0.00967907857488638
"246",52,2024-06-30,"65-74 years","healthy",11.7586795674445,0.00241976964372164
"247",39,2024-03-31,"65-74 years","healthy",11.2622709313519,0.0048395392874431
"248",47,2024-05-25,"65-74 years","healthy",11.6035518686656,0.00483953928744328
"249",50,2024-06-15,"65-74 years","healthy",11.7276540276887,0
"250",1,2023-07-08,"65-74 years","healthy",0.177168647362265,0.00690894208579268
"251",2,2023-07-15,"65-74 years","healthy",0.265752971043397,0.00690894208579268
"252",3,2023-07-22,"65-74 years","healthy",0.35433729472453,0.00690894208579268
"253",48,2024-06-01,"65-74 years","healthy",11.7276540276887,0.00967907857488638
"254",51,2024-06-22,"65-74 years","healthy",11.7276540276887,0
"255",6,2023-08-12,"65-74 years","healthy",0.620090265767927,0.00690894208579268
"256",7,2023-08-19,"65-74 years","healthy",0.70867458944906,0.00690894208579268
"257",8,2023-08-26,"65-74 years","healthy",0.797258913130192,0.00690894208579268
"258",49,2024-06-08,"65-74 years","healthy",11.7276540276887,0
"259",11,2023-09-16,"65-74 years","healthy",1.06301188417359,0.00690894208579268
"260",12,2023-09-23,"65-74 years","healthy",1.15159620785472,0.00690894208579268
"261",2,2023-07-15,"75+ years","healthy",0.30508324394882,0.00783507216117992
"262",21,2023-11-25,"75+ years","healthy",8.28762944228186,0.0144571138414761
"263",16,2023-10-21,"75+ years","healthy",6.37991096688868,0.110837872784651
"264",7,2023-08-19,"75+ years","healthy",0.813555317196852,0.00783507216117992
"265",19,2023-11-11,"75+ years","healthy",7.63087390157274,0.0674665312602223
"266",14,2023-10-07,"75+ years","healthy",3.06485918997593,0.118066429705389
"267",22,2023-12-02,"75+ years","healthy",8.63164424931998,0.0265047087093731
"268",17,2023-10-28,"75+ years","healthy",6.7551998472939,0.0289142276829524
"269",12,2023-09-23,"75+ years","healthy",1.32202739044489,0.00783507216117992
"270",20,2023-11-18,"75+ years","healthy",8.09998500207926,0.0361427846036905
"271",15,2023-10-14,"75+ years","healthy",4.94130359200202,0.144571138414762
"272",23,2023-12-09,"75+ years","healthy",8.75674054278838,0.00963807589431743
"273",18,2023-11-04,"75+ years","healthy",6.7551998472939,0
"274",13,2023-09-30,"75+ years","healthy",1.53242959498797,0.118066429705389
"275",34,2024-02-24,"75+ years","healthy",10.6019108714474,0.00240951897357923
"276",29,2024-01-20,"75+ years","healthy",10.0702516242066,0.0120475948678968
"277",24,2023-12-16,"75+ years","healthy",8.88183683625679,0.00963807589431752
"278",32,2024-02-10,"75+ years","healthy",10.5706367980803,0
"279",27,2024-01-06,"75+ years","healthy",9.82005903726983,0.0289142276829523
"280",35,2024-03-02,"75+ years","healthy",10.8833775317513,0.0216856707622144
"281",30,2024-01-27,"75+ years","healthy",10.2266219910421,0.0120475948678968
"282",25,2023-12-23,"75+ years","healthy",9.0069331297252,0.00963807589431743
"283",33,2024-02-17,"75+ years","healthy",10.5706367980803,0
"284",28,2024-01-13,"75+ years","healthy",9.91388125737114,0.0072285569207382
"285",36,2024-03-09,"75+ years","healthy",10.9771997518526,0.00722855692073803
"286",31,2024-02-03,"75+ years","healthy",10.5706367980803,0.0265047087093731
"287",26,2023-12-30,"75+ years","healthy",9.44477015686462,0.0337332656301112
"288",47,2024-05-25,"75+ years","healthy",11.6965034392959,0.00481903794715863
"289",42,2024-04-20,"75+ years","healthy",11.3837627056249,0.00481903794715863
"290",37,2024-03-16,"75+ years","healthy",11.2273923387894,0.0192761517886349
"291",45,2024-05-11,"75+ years","healthy",11.6026812191946,0
"292",40,2024-04-06,"75+ years","healthy",11.2899404855236,0
"293",48,2024-06-01,"75+ years","healthy",11.727777512663,0.0024095189735794
"294",43,2024-04-27,"75+ years","healthy",11.3837627056249,0
"295",38,2024-03-23,"75+ years","healthy",11.2586664121565,0.0024095189735794
"296",46,2024-05-18,"75+ years","healthy",11.6339552925617,0.0024095189735794
"297",41,2024-04-13,"75+ years","healthy",11.3212145588907,0.0024095189735794
"298",49,2024-06-08,"75+ years","healthy",11.7590515860301,0.0024095189735794
"299",44,2024-05-04,"75+ years","healthy",11.6026812191946,0.0168666328150556
"300",39,2024-03-31,"75+ years","healthy",11.2899404855236,0.0024095189735794
"301",1,2023-07-08,"75+ years","healthy",0.203388829299213,0.00783507216117992
"302",50,2024-06-15,"75+ years","healthy",11.7590515860301,0
"303",3,2023-07-22,"75+ years","healthy",0.406777658598426,0.00783507216117992
"304",4,2023-07-29,"75+ years","healthy",0.508472073248033,0.00783507216117992
"305",5,2023-08-05,"75+ years","healthy",0.610166487897639,0.00783507216117992
"306",6,2023-08-12,"75+ years","healthy",0.711860902547246,0.00783507216117992
"307",51,2024-06-22,"75+ years","healthy",11.7590515860301,0
"308",8,2023-08-26,"75+ years","healthy",0.915249731846459,0.00783507216117992
"309",9,2023-09-02,"75+ years","healthy",1.01694414649607,0.00783507216117992
"310",10,2023-09-09,"75+ years","healthy",1.11863856114567,0.00783507216117992
"311",11,2023-09-16,"75+ years","healthy",1.22033297579528,0.00783507216117992
"312",52,2024-06-30,"75+ years","healthy",11.7590515860301,0
"313",1,2023-07-08,"0-17 years","immunocompromised",0,0.00117664737720842
"314",2,2023-07-15,"0-17 years","immunocompromised",0,0.00117664737720842
"315",3,2023-07-22,"0-17 years","immunocompromised",0,0.00117664737720842
"316",4,2023-07-29,"0-17 years","immunocompromised",0,0.00117664737720842
"317",5,2023-08-05,"0-17 years","immunocompromised",0,0.00117664737720842
"318",6,2023-08-12,"0-17 years","immunocompromised",0,0.00117664737720842
"319",7,2023-08-19,"0-17 years","immunocompromised",0,0.00117664737720842
"320",8,2023-08-26,"0-17 years","immunocompromised",0,0.00117664737720842
"321",9,2023-09-02,"0-17 years","immunocompromised",0,0.00117664737720842
"322",10,2023-09-09,"0-17 years","immunocompromised",0,0.00117664737720842
"323",11,2023-09-16,"0-17 years","immunocompromised",0,0.00117664737720842
"324",12,2023-09-23,"0-17 years","immunocompromised",0,0.00117664737720842
"325",28,2024-01-13,"0-17 years","immunocompromised",0,0.00218053821717059
"326",29,2024-01-20,"0-17 years","immunocompromised",0,0.0140381312891694
"327",30,2024-01-27,"0-17 years","immunocompromised",0,0.00555744576360925
"328",31,2024-02-03,"0-17 years","immunocompromised",0,0.0419787802869489
"329",32,2024-02-10,"0-17 years","immunocompromised",0,0.00141442315098526
"330",33,2024-02-17,"0-17 years","immunocompromised",0,0.0141442315098523
"331",34,2024-02-24,"0-17 years","immunocompromised",0,0.00282884630197039
"332",35,2024-03-02,"0-17 years","immunocompromised",0,0.0288482310248754
"333",36,2024-03-09,"0-17 years","immunocompromised",0,0.000654161465151215
"334",37,2024-03-16,"0-17 years","immunocompromised",0,0.00729016957664323
"335",38,2024-03-23,"0-17 years","immunocompromised",0,0.0136727571261905
"336",39,2024-03-30,"0-17 years","immunocompromised",0,0.00141442315098513
"337",40,2024-04-06,"0-17 years","immunocompromised",0,0.0177567530190619
"338",41,2024-04-13,"0-17 years","immunocompromised",0,0.000471474383661711
"339",42,2024-04-20,"0-17 years","immunocompromised",0,0.000471474383661711
"340",43,2024-04-27,"0-17 years","immunocompromised",0,0.00442595653444502
"341",44,2024-05-04,"0-17 years","immunocompromised",0,0.0238742132459618
"342",45,2024-05-11,"0-17 years","immunocompromised",0,0.00203321787590902
"343",46,2024-05-18,"0-17 years","immunocompromised",0,0.000942948767323422
"344",47,2024-05-25,"0-17 years","immunocompromised",0,0
"345",48,2024-06-01,"0-17 years","immunocompromised",0,0.0179160265791462
"346",49,2024-06-08,"0-17 years","immunocompromised",0,0.000471474383661466
"347",50,2024-06-15,"0-17 years","immunocompromised",0,0.000471474383662201
"348",51,2024-06-22,"0-17 years","immunocompromised",0,0.000942948767323422
"349",52,2024-06-30,"0-17 years","immunocompromised",0,0
"350",13,2023-09-30,"0-17 years","immunocompromised",0,0.0806808998677906
"351",14,2023-10-07,"0-17 years","immunocompromised",0,0.0806808998677906
"352",15,2023-10-14,"0-17 years","immunocompromised",0,0.0513907078191299
"353",16,2023-10-21,"0-17 years","immunocompromised",0,0.0588635644772625
"354",17,2023-10-28,"0-17 years","immunocompromised",0,0.0482730742149872
"355",18,2023-11-04,"0-17 years","immunocompromised",0,0.150924236736799
"356",19,2023-11-11,"0-17 years","immunocompromised",0,0.0334805346203349
"357",20,2023-11-18,"0-17 years","immunocompromised",0,0.0524809769277151
"358",21,2023-11-25,"0-17 years","immunocompromised",0,0.0163659898476018
"359",22,2023-12-02,"0-17 years","immunocompromised",0,0.0941590166936691
"360",23,2023-12-09,"0-17 years","immunocompromised",0,0.0103724364405584
"361",24,2023-12-16,"0-17 years","immunocompromised",0,0.00373642832906612
"362",25,2023-12-23,"0-17 years","immunocompromised",0,0.0228488242374808
"363",26,2023-12-30,"0-17 years","immunocompromised",0,0.00493865103868572
"364",27,2024-01-06,"0-17 years","immunocompromised",0,0.072883889167258
"365",1,2023-07-08,"18-29 years","immunocompromised",0.02957217858536,0.00195586342490004
"366",2,2023-07-15,"18-29 years","immunocompromised",0.04435826787804,0.00195586342490004
"367",3,2023-07-22,"18-29 years","immunocompromised",0.0591443571707201,0.00195586342490004
"368",4,2023-07-29,"18-29 years","immunocompromised",0.0739304464634001,0.00195586342490004
"369",5,2023-08-05,"18-29 years","immunocompromised",0.0887165357560801,0.00195586342490004
"370",6,2023-08-12,"18-29 years","immunocompromised",0.10350262504876,0.00195586342490004
"371",7,2023-08-19,"18-29 years","immunocompromised",0.11828871434144,0.00195586342490004
"372",8,2023-08-26,"18-29 years","immunocompromised",0.13307480363412,0.00195586342490004
"373",9,2023-09-02,"18-29 years","immunocompromised",0.1478608929268,0.00195586342490004
"374",10,2023-09-09,"18-29 years","immunocompromised",0.16264698221948,0.00195586342490004
"375",11,2023-09-16,"18-29 years","immunocompromised",0.17743307151216,0.00195586342490004
"376",12,2023-09-23,"18-29 years","immunocompromised",0.19221916080484,0.00195586342490004
"377",21,2023-11-25,"18-29 years","immunocompromised",3.39723139234888,0.0172837104230301
"378",16,2023-10-21,"18-29 years","immunocompromised",1.69861569617444,0.0432092760575752
"379",19,2023-11-11,"18-29 years","immunocompromised",3.07057452769995,0.0345674208460602
"380",27,2024-01-06,"18-29 years","immunocompromised",5.87982356368075,0.120985972961211
"381",14,2023-10-07,"18-29 years","immunocompromised",1.04530196687658,0.0691348416921203
"382",22,2023-12-02,"18-29 years","immunocompromised",4.63852747801481,0.164195249018786
"383",17,2023-10-28,"18-29 years","immunocompromised",2.09060393375316,0.0518511312690902
"384",20,2023-11-18,"18-29 years","immunocompromised",3.26656864648931,0.0259255656345451
"385",28,2024-01-13,"18-29 years","immunocompromised",6.07581768247011,0.0259255656345452
"386",15,2023-10-14,"18-29 years","immunocompromised",1.37195883152551,0.0432092760575752
"387",23,2023-12-09,"18-29 years","immunocompromised",4.7038588509446,0.00864185521151509
"388",18,2023-11-04,"18-29 years","immunocompromised",2.8092490359808,0.0950604073266654
"389",13,2023-09-30,"18-29 years","immunocompromised",0.522650983438289,0.0691348416921203
"390",34,2024-02-24,"18-29 years","immunocompromised",6.46780592004882,0
"391",29,2024-01-20,"18-29 years","immunocompromised",6.20648042832968,0.01728371042303
"392",24,2023-12-16,"18-29 years","immunocompromised",4.76919022387439,0.00864185521151501
"393",32,2024-02-10,"18-29 years","immunocompromised",6.33714317418925,0
"394",35,2024-03-02,"18-29 years","immunocompromised",6.72913141176797,0.0345674208460602
"395",43,2024-04-27,"18-29 years","immunocompromised",7.0557882764169,0
"396",30,2024-01-27,"18-29 years","immunocompromised",6.27181180125947,0.00864185521151501
"397",25,2023-12-23,"18-29 years","immunocompromised",4.89985296973396,0.0172837104230301
"398",33,2024-02-17,"18-29 years","immunocompromised",6.46780592004882,0.0172837104230302
"399",36,2024-03-09,"18-29 years","immunocompromised",6.79446278469776,0.00864185521151501
"400",44,2024-05-04,"18-29 years","immunocompromised",7.18645102227647,0.01728371042303
"401",31,2024-02-03,"18-29 years","immunocompromised",6.33714317418925,0.00864185521151501
"402",26,2023-12-30,"18-29 years","immunocompromised",4.96518434266375,0.00864185521151501
"403",47,2024-05-25,"18-29 years","immunocompromised",7.25178239520626,0.00864185521151501
"404",42,2024-04-20,"18-29 years","immunocompromised",7.0557882764169,0
"405",37,2024-03-16,"18-29 years","immunocompromised",6.79446278469776,0
"406",45,2024-05-11,"18-29 years","immunocompromised",7.18645102227647,0
"407",40,2024-04-06,"18-29 years","immunocompromised",7.0557882764169,0.0345674208460602
"408",48,2024-06-01,"18-29 years","immunocompromised",7.31711376813604,0.00864185521151501
"409",51,2024-06-22,"18-29 years","immunocompromised",7.31711376813604,0
"410",38,2024-03-23,"18-29 years","immunocompromised",6.79446278469776,0
"411",46,2024-05-18,"18-29 years","immunocompromised",7.18645102227647,0
"412",41,2024-04-13,"18-29 years","immunocompromised",7.0557882764169,0
"413",49,2024-06-08,"18-29 years","immunocompromised",7.31711376813604,0
"414",52,2024-06-30,"18-29 years","immunocompromised",7.38244514106583,0.00864185521151516
"415",39,2024-03-31,"18-29 years","immunocompromised",6.79446278469776,0
"416",50,2024-06-15,"18-29 years","immunocompromised",7.31711376813604,0
"417",1,2023-07-08,"30-49 years","immunocompromised",0.0133359039044985,0.000893565043475658
"418",3,2023-07-22,"30-49 years","immunocompromised",0.0266718078089971,0.000893565043475658
"419",4,2023-07-29,"30-49 years","immunocompromised",0.0333397597612463,0.000893565043475658
"420",5,2023-08-05,"30-49 years","immunocompromised",0.0400077117134956,0.000893565043475658
"421",6,2023-08-12,"30-49 years","immunocompromised",0.0466756636657449,0.000893565043475658
"422",17,2023-10-28,"30-49 years","immunocompromised",2.24473640890128,0.0527201026054263
"423",8,2023-08-26,"30-49 years","immunocompromised",0.0600115675702434,0.000893565043475658
"424",9,2023-09-02,"30-49 years","immunocompromised",0.0666795195224927,0.000893565043475658
"425",10,2023-09-09,"30-49 years","immunocompromised",0.0733474714747419,0.000893565043475658
"426",11,2023-09-16,"30-49 years","immunocompromised",0.0800154234269912,0.000893565043475658
"427",18,2023-11-04,"30-49 years","immunocompromised",3.51752509436076,0.170565037841085
"428",13,2023-09-30,"30-49 years","immunocompromised",0.485973861720895,0.0651248326302324
"429",21,2023-11-25,"30-49 years","immunocompromised",4.46633120533965,0.0124047300248061
"430",16,2023-10-21,"30-49 years","immunocompromised",1.85132899703198,0.0651248326302324
"431",24,2023-12-16,"30-49 years","immunocompromised",5.43827892878144,0
"432",19,2023-11-11,"30-49 years","immunocompromised",3.93407411869296,0.0558212851116278
"433",14,2023-10-07,"30-49 years","immunocompromised",0.97194772344179,0.0651248326302324
"434",22,2023-12-02,"30-49 years","immunocompromised",5.20686280415244,0.0992378401984494
"435",30,2024-01-27,"30-49 years","immunocompromised",6.47965148961193,0.0155059125310077
"436",25,2023-12-23,"30-49 years","immunocompromised",5.46142054124434,0.00310118250620148
"437",20,2023-11-18,"30-49 years","immunocompromised",4.37376475548805,0.0589224676178294
"438",15,2023-10-14,"30-49 years","immunocompromised",1.36535513531109,0.0527201026054262
"439",23,2023-12-09,"30-49 years","immunocompromised",5.43827892878144,0.0310118250620155
"440",31,2024-02-03,"30-49 years","immunocompromised",6.68792600177803,0.0279106425558138
"441",26,2023-12-30,"30-49 years","immunocompromised",5.62341182848464,0.0217082775434108
"442",34,2024-02-24,"30-49 years","immunocompromised",6.71106761424093,0.00310118250620159
"443",29,2024-01-20,"30-49 years","immunocompromised",6.36394342729743,0.0124047300248061
"444",37,2024-03-16,"30-49 years","immunocompromised",7.01190857625862,0
"445",32,2024-02-10,"30-49 years","immunocompromised",6.68792600177803,0
"446",27,2024-01-06,"30-49 years","immunocompromised",6.20195214005713,0.0775295626550386
"447",35,2024-03-02,"30-49 years","immunocompromised",6.96562535133282,0.034113007568217
"448",43,2024-04-27,"30-49 years","immunocompromised",7.22018308842472,0
"449",38,2024-03-23,"30-49 years","immunocompromised",7.10447502611022,0.0124047300248061
"450",33,2024-02-17,"30-49 years","immunocompromised",6.68792600177803,0
"451",28,2024-01-13,"30-49 years","immunocompromised",6.27137697744583,0.00930354751860465
"452",36,2024-03-09,"30-49 years","immunocompromised",7.01190857625862,0.00620236501240306
"453",44,2024-05-04,"30-49 years","immunocompromised",7.28960792581342,0.00930354751860454
"454",39,2024-03-31,"30-49 years","immunocompromised",7.12761663857312,0.00310118250620159
"455",47,2024-05-25,"30-49 years","immunocompromised",7.28960792581342,0
"456",42,2024-04-20,"30-49 years","immunocompromised",7.22018308842472,0.00310118250620181
"457",50,2024-06-15,"30-49 years","immunocompromised",7.38217437566502,0.00310118250620137
"458",45,2024-05-11,"30-49 years","immunocompromised",7.28960792581342,0
"459",40,2024-04-06,"30-49 years","immunocompromised",7.19704147596182,0.00930354751860454
"460",48,2024-06-01,"30-49 years","immunocompromised",7.35903276320212,0.00930354751860454
"461",2,2023-07-15,"30-49 years","immunocompromised",0.0200038558567478,0.000893565043475658
"462",51,2024-06-22,"30-49 years","immunocompromised",7.38217437566502,0
"463",46,2024-05-18,"30-49 years","immunocompromised",7.28960792581342,0
"464",41,2024-04-13,"30-49 years","immunocompromised",7.19704147596182,0
"465",49,2024-06-08,"30-49 years","immunocompromised",7.35903276320212,0
"466",7,2023-08-19,"30-49 years","immunocompromised",0.0533436156179941,0.000893565043475658
"467",52,2024-06-30,"30-49 years","immunocompromised",7.38217437566502,0
"468",12,2023-09-23,"30-49 years","immunocompromised",0.0866833753792405,0.000893565043475658
"469",1,2023-07-08,"50-64 years","immunocompromised",0.0318665798470259,0.00131331742722879
"470",2,2023-07-15,"50-64 years","immunocompromised",0.0477998697705388,0.00131331742722879
"471",3,2023-07-22,"50-64 years","immunocompromised",0.0637331596940517,0.00131331742722879
"472",19,2023-11-11,"50-64 years","immunocompromised",6.81270003311056,0.0858311424012864
"473",6,2023-08-12,"50-64 years","immunocompromised",0.111533029464591,0.00131331742722879
"474",7,2023-08-19,"50-64 years","immunocompromised",0.127466319388103,0.00131331742722879
"475",8,2023-08-26,"50-64 years","immunocompromised",0.143399609311616,0.00131331742722879
"476",25,2023-12-23,"50-64 years","immunocompromised",9.56110740395892,0.0352963421638584
"477",20,2023-11-18,"50-64 years","immunocompromised",7.25706996152167,0.0366276377270651
"478",11,2023-09-16,"50-64 years","immunocompromised",0.191199479082155,0.00131331742722879
"479",12,2023-09-23,"50-64 years","immunocompromised",0.207132769005668,0.00131331742722879
"480",18,2023-11-04,"50-64 years","immunocompromised",5.77138858167287,0.0994457374028699
"481",26,2023-12-30,"50-64 years","immunocompromised",9.63025301572964,0.00569939650824255
"482",13,2023-09-30,"50-64 years","immunocompromised",0.439224592397935,0.0362035282375938
"483",16,2023-10-21,"50-64 years","immunocompromised",3.78817797299869,0.143918266702561
"484",24,2023-12-16,"50-64 years","immunocompromised",9.13288887789935,0.0268005445833266
"485",32,2024-02-10,"50-64 years","immunocompromised",10.8884390043646,0.00916031137954277
"486",27,2024-01-06,"50-64 years","immunocompromised",10.1151527834318,0.0399683504435954
"487",14,2023-10-07,"50-64 years","immunocompromised",0.87844918479587,0.0362035282375938
"488",17,2023-10-28,"50-64 years","immunocompromised",4.5649035896623,0.0640223891886884
"489",30,2024-01-27,"50-64 years","immunocompromised",10.7773052495131,0.00903330532921963
"490",33,2024-02-17,"50-64 years","immunocompromised",10.9067365896522,0.00150819684758498
"491",28,2024-01-13,"50-64 years","immunocompromised",10.4444267731095,0.0271407393609775
"492",15,2023-10-14,"50-64 years","immunocompromised",2.04214809391608,0.0959190515412236
"493",23,2023-12-09,"50-64 years","immunocompromised",8.80774216309847,0.0266032316122894
"494",31,2024-02-03,"50-64 years","immunocompromised",10.7773052495131,0
"495",34,2024-02-24,"50-64 years","immunocompromised",10.958189949784,0.0042410948947129
"496",21,2023-11-25,"50-64 years","immunocompromised",7.49647941954676,0.0197335650689284
"497",29,2024-01-20,"50-64 years","immunocompromised",10.6677123439489,0.0184045374709061
"498",37,2024-03-16,"50-64 years","immunocompromised",11.227783544742,0.000117934189585644
"499",40,2024-04-06,"50-64 years","immunocompromised",11.5037606581763,0.0177513634978167
"500",35,2024-03-02,"50-64 years","immunocompromised",11.2244542096746,0.0219470990888426
"501",22,2023-12-02,"50-64 years","immunocompromised",8.48498926772619,0.0814789172125412
"502",51,2024-06-22,"50-64 years","immunocompromised",11.9343179733327,0.00043998524576159
"503",38,2024-03-23,"50-64 years","immunocompromised",11.2292693636977,0.000122470119954149
"504",41,2024-04-13,"50-64 years","immunocompromised",11.5497935306364,0.00379430575339807
"505",36,2024-03-09,"50-64 years","immunocompromised",11.226352756118,0.000156489597719387
"506",44,2024-05-04,"50-64 years","immunocompromised",11.6712454726802,0.00972730267562734
"507",52,2024-06-30,"50-64 years","immunocompromised",11.9408940979699,0.000542043679056821
"508",39,2024-03-31,"50-64 years","immunocompromised",11.2883994551005,0.00487385718114321
"509",42,2024-04-20,"50-64 years","immunocompromised",11.5532329263672,0.000283495648042364
"510",50,2024-06-15,"50-64 years","immunocompromised",11.9289800311586,7.48428510832343e-05
"511",45,2024-05-11,"50-64 years","immunocompromised",11.6741070499282,0.000235868379171127
"512",48,2024-06-01,"50-64 years","immunocompromised",11.9280720306857,0.0207949727751988
"513",43,2024-04-27,"50-64 years","immunocompromised",11.5532329263672,0
"514",4,2023-07-29,"50-64 years","immunocompromised",0.0796664496175647,0.00131331742722879
"515",5,2023-08-05,"50-64 years","immunocompromised",0.0955997395410776,0.00131331742722879
"516",46,2024-05-18,"50-64 years","immunocompromised",11.6757854750448,0.000138345876244561
"517",49,2024-06-08,"50-64 years","immunocompromised",11.9280720306857,0
"518",9,2023-09-02,"50-64 years","immunocompromised",0.159332899235129,0.00131331742722879
"519",10,2023-09-09,"50-64 years","immunocompromised",0.175266189158642,0.00131331742722879
"520",47,2024-05-25,"50-64 years","immunocompromised",11.6757854750448,0
"521",4,2023-07-29,"65-74 years","immunocompromised",0.797258913130192,0.00690894208579268
"522",5,2023-08-05,"65-74 years","immunocompromised",0.95671069575623,0.00690894208579268
"523",19,2023-11-11,"65-74 years","immunocompromised",12.5094976295346,0.0387163142995457
"524",27,2024-01-06,"65-74 years","immunocompromised",17.7590189562143,0.0290372357246592
"525",14,2023-10-07,"65-74 years","immunocompromised",5.13782938355887,0.111309403611194
"526",9,2023-09-02,"65-74 years","immunocompromised",1.59451782626038,0.00690894208579268
"527",10,2023-09-09,"65-74 years","immunocompromised",1.75396960888642,0.00690894208579268
"528",20,2023-11-18,"65-74 years","immunocompromised",14.2965687194681,0.0774326285990913
"529",28,2024-01-13,"65-74 years","immunocompromised",18.0940947855769,0.0145186178623297
"530",15,2023-10-14,"65-74 years","immunocompromised",7.87428199001957,0.118568712542359
"531",18,2023-11-04,"65-74 years","immunocompromised",11.6159620845679,0.0483953928744321
"532",26,2023-12-30,"65-74 years","immunocompromised",17.0888672974893,0.00725930893116483
"533",13,2023-09-30,"65-74 years","immunocompromised",2.56891469177943,0.111309403611194
"534",21,2023-11-25,"65-74 years","immunocompromised",14.5757985772703,0.012098848218608
"535",16,2023-10-21,"65-74 years","immunocompromised",9.66135307995308,0.0774326285990913
"536",24,2023-12-16,"65-74 years","immunocompromised",16.8096374396872,0.0290372357246592
"537",32,2024-02-10,"65-74 years","immunocompromised",18.9876303305436,0.00483953928744328
"538",35,2024-03-02,"65-74 years","immunocompromised",19.5460900461479,0.0169383875060513
"539",22,2023-12-02,"65-74 years","immunocompromised",15.5810260653579,0.0435558535869889
"540",17,2023-10-28,"65-74 years","immunocompromised",10.4990426533594,0.036296544655824
"541",25,2023-12-23,"65-74 years","immunocompromised",16.921329382808,0.00483953928744319
"542",33,2024-02-17,"65-74 years","immunocompromised",19.0434763021041,0.00241976964372164
"543",36,2024-03-09,"65-74 years","immunocompromised",19.7694739323895,0.00967907857488638
"544",23,2023-12-09,"65-74 years","immunocompromised",16.1394857809621,0.024197696437216
"545",31,2024-02-03,"65-74 years","immunocompromised",18.8759383874228,0
"546",34,2024-02-24,"65-74 years","immunocompromised",19.1551682452249,0.0048395392874431
"547",42,2024-04-20,"65-74 years","immunocompromised",20.4396255911146,0.00241976964372164
"548",29,2024-01-20,"65-74 years","immunocompromised",18.7084004727415,0.0266174660809377
"549",37,2024-03-16,"65-74 years","immunocompromised",20.1045497617521,0.0145186178623297
"550",45,2024-05-11,"65-74 years","immunocompromised",20.7747014204772,0
"551",40,2024-04-06,"65-74 years","immunocompromised",20.3279336479938,0.00241976964372164
"552",43,2024-04-27,"65-74 years","immunocompromised",20.5513175342355,0.0048395392874431
"553",30,2024-01-27,"65-74 years","immunocompromised",18.8759383874228,0.00725930893116474
"554",38,2024-03-23,"65-74 years","immunocompromised",20.1603957333125,0.00241976964372164
"555",46,2024-05-18,"65-74 years","immunocompromised",20.7747014204772,0
"556",41,2024-04-13,"65-74 years","immunocompromised",20.3837796195542,0.00241976964372164
"557",44,2024-05-04,"65-74 years","immunocompromised",20.7747014204772,0.00967907857488638
"558",52,2024-06-30,"65-74 years","immunocompromised",21.1656232214001,0.00241976964372164
"559",39,2024-03-31,"65-74 years","immunocompromised",20.2720876764334,0.0048395392874431
"560",47,2024-05-25,"65-74 years","immunocompromised",20.886393363598,0.00483953928744328
"561",50,2024-06-15,"65-74 years","immunocompromised",21.1097772498397,0
"562",1,2023-07-08,"65-74 years","immunocompromised",0.318903565252077,0.00690894208579268
"563",2,2023-07-15,"65-74 years","immunocompromised",0.478355347878115,0.00690894208579268
"564",3,2023-07-22,"65-74 years","immunocompromised",0.637807130504154,0.00690894208579268
"565",48,2024-06-01,"65-74 years","immunocompromised",21.1097772498397,0.00967907857488638
"566",51,2024-06-22,"65-74 years","immunocompromised",21.1097772498397,0
"567",6,2023-08-12,"65-74 years","immunocompromised",1.11616247838227,0.00690894208579268
"568",7,2023-08-19,"65-74 years","immunocompromised",1.27561426100831,0.00690894208579268
"569",8,2023-08-26,"65-74 years","immunocompromised",1.43506604363435,0.00690894208579268
"570",49,2024-06-08,"65-74 years","immunocompromised",21.1097772498397,0
"571",11,2023-09-16,"65-74 years","immunocompromised",1.91342139151246,0.00690894208579268
"572",12,2023-09-23,"65-74 years","immunocompromised",2.0728731741385,0.00690894208579268
"573",2,2023-07-15,"75+ years","immunocompromised",0.549149839107876,0.00783507216117992
"574",21,2023-11-25,"75+ years","immunocompromised",14.9177329961074,0.0144571138414761
"575",16,2023-10-21,"75+ years","immunocompromised",11.4838397403996,0.110837872784651
"576",7,2023-08-19,"75+ years","immunocompromised",1.46439957095433,0.00783507216117992
"577",19,2023-11-11,"75+ years","immunocompromised",13.7355730228309,0.0674665312602222
"578",14,2023-10-07,"75+ years","immunocompromised",5.51674654195668,0.118066429705389
"579",22,2023-12-02,"75+ years","immunocompromised",15.536959648776,0.0265047087093731
"580",17,2023-10-28,"75+ years","immunocompromised",12.159359725129,0.0289142276829524
"581",12,2023-09-23,"75+ years","immunocompromised",2.37964930280079,0.00783507216117992
"582",20,2023-11-18,"75+ years","immunocompromised",14.5799730037427,0.0361427846036905
"583",15,2023-10-14,"75+ years","immunocompromised",8.89434646560363,0.144571138414762
"584",23,2023-12-09,"75+ years","immunocompromised",15.7621329770191,0.00963807589431743
"585",18,2023-11-04,"75+ years","immunocompromised",12.159359725129,0
"586",13,2023-09-30,"75+ years","immunocompromised",2.75837327097834,0.118066429705389
"587",34,2024-02-24,"75+ years","immunocompromised",19.0834395686053,0.00240951897357923
"588",29,2024-01-20,"75+ years","immunocompromised",18.126452923572,0.0120475948678968
"589",24,2023-12-16,"75+ years","immunocompromised",15.9873063052622,0.00963807589431751
"590",32,2024-02-10,"75+ years","immunocompromised",19.0271462365445,0
"591",27,2024-01-06,"75+ years","immunocompromised",17.6761062670857,0.0289142276829523
"592",35,2024-03-02,"75+ years","immunocompromised",19.5900795571523,0.0216856707622144
"593",30,2024-01-27,"75+ years","immunocompromised",18.4079195838759,0.0120475948678968
"594",25,2023-12-23,"75+ years","immunocompromised",16.2124796335054,0.00963807589431743
"595",33,2024-02-17,"75+ years","immunocompromised",19.0271462365445,0
"596",28,2024-01-13,"75+ years","immunocompromised",17.844986263268,0.0072285569207382
"597",36,2024-03-09,"75+ years","immunocompromised",19.7589595533346,0.00722855692073803
"598",31,2024-02-03,"75+ years","immunocompromised",19.0271462365445,0.0265047087093731
"599",26,2023-12-30,"75+ years","immunocompromised",17.0005862823563,0.0337332656301112
"600",47,2024-05-25,"75+ years","immunocompromised",21.0537061907326,0.00481903794715863
"601",42,2024-04-20,"75+ years","immunocompromised",20.4907728701248,0.00481903794715863
"602",37,2024-03-16,"75+ years","immunocompromised",20.2093062098209,0.0192761517886349
"603",45,2024-05-11,"75+ years","immunocompromised",20.8848261945503,0
"604",40,2024-04-06,"75+ years","immunocompromised",20.3218928739425,0
"605",48,2024-06-01,"75+ years","immunocompromised",21.1099995227934,0.0024095189735794
"606",43,2024-04-27,"75+ years","immunocompromised",20.4907728701248,0
"607",38,2024-03-23,"75+ years","immunocompromised",20.2655995418817,0.0024095189735794
"608",46,2024-05-18,"75+ years","immunocompromised",20.9411195266111,0.0024095189735794
"609",41,2024-04-13,"75+ years","immunocompromised",20.3781862060033,0.0024095189735794
"610",49,2024-06-08,"75+ years","immunocompromised",21.1662928548542,0.0024095189735794
"611",44,2024-05-04,"75+ years","immunocompromised",20.8848261945503,0.0168666328150556
"612",39,2024-03-31,"75+ years","immunocompromised",20.3218928739425,0.0024095189735794
"613",1,2023-07-08,"75+ years","immunocompromised",0.366099892738584,0.00783507216117992
"614",50,2024-06-15,"75+ years","immunocompromised",21.1662928548542,0
"615",3,2023-07-22,"75+ years","immunocompromised",0.732199785477167,0.00783507216117992
"616",4,2023-07-29,"75+ years","immunocompromised",0.915249731846459,0.00783507216117992
"617",5,2023-08-05,"75+ years","immunocompromised",1.09829967821575,0.00783507216117992
"618",6,2023-08-12,"75+ years","immunocompromised",1.28134962458504,0.00783507216117992
"619",51,2024-06-22,"75+ years","immunocompromised",21.1662928548542,0
"620",8,2023-08-26,"75+ years","immunocompromised",1.64744951732363,0.00783507216117992
"621",9,2023-09-02,"75+ years","immunocompromised",1.83049946369292,0.00783507216117992
"622",10,2023-09-09,"75+ years","immunocompromised",2.01354941006221,0.00783507216117992
"623",11,2023-09-16,"75+ years","immunocompromised",2.1965993564315,0.00783507216117992
"624",52,2024-06-30,"75+ years","immunocompromised",21.1662928548542,0
"625",1,2023-07-08,"0-17 years","higher risk",0,0.00117664737720842
"626",2,2023-07-15,"0-17 years","higher risk",0,0.00117664737720842
"627",3,2023-07-22,"0-17 years","higher risk",0,0.00117664737720842
"628",4,2023-07-29,"0-17 years","higher risk",0,0.00117664737720842
"629",5,2023-08-05,"0-17 years","higher risk",0,0.00117664737720842
"630",6,2023-08-12,"0-17 years","higher risk",0,0.00117664737720842
"631",7,2023-08-19,"0-17 years","higher risk",0,0.00117664737720842
"632",8,2023-08-26,"0-17 years","higher risk",0,0.00117664737720842
"633",9,2023-09-02,"0-17 years","higher risk",0,0.00117664737720842
"634",10,2023-09-09,"0-17 years","higher risk",0,0.00117664737720842
"635",11,2023-09-16,"0-17 years","higher risk",0,0.00117664737720842
"636",12,2023-09-23,"0-17 years","higher risk",0,0.00117664737720842
"637",28,2024-01-13,"0-17 years","higher risk",0,0.00218053821717059
"638",29,2024-01-20,"0-17 years","higher risk",0,0.0140381312891694
"639",30,2024-01-27,"0-17 years","higher risk",0,0.00555744576360925
"640",31,2024-02-03,"0-17 years","higher risk",0,0.0419787802869489
"641",32,2024-02-10,"0-17 years","higher risk",0,0.00141442315098526
"642",33,2024-02-17,"0-17 years","higher risk",0,0.0141442315098523
"643",34,2024-02-24,"0-17 years","higher risk",0,0.00282884630197039
"644",35,2024-03-02,"0-17 years","higher risk",0,0.0288482310248754
"645",36,2024-03-09,"0-17 years","higher risk",0,0.000654161465151215
"646",37,2024-03-16,"0-17 years","higher risk",0,0.00729016957664323
"647",38,2024-03-23,"0-17 years","higher risk",0,0.0136727571261905
"648",39,2024-03-30,"0-17 years","higher risk",0,0.00141442315098513
"649",40,2024-04-06,"0-17 years","higher risk",0,0.0177567530190619
"650",41,2024-04-13,"0-17 years","higher risk",0,0.000471474383661711
"651",42,2024-04-20,"0-17 years","higher risk",0,0.000471474383661711
"652",43,2024-04-27,"0-17 years","higher risk",0,0.00442595653444502
"653",44,2024-05-04,"0-17 years","higher risk",0,0.0238742132459618
"654",45,2024-05-11,"0-17 years","higher risk",0,0.00203321787590902
"655",46,2024-05-18,"0-17 years","higher risk",0,0.000942948767323422
"656",47,2024-05-25,"0-17 years","higher risk",0,0
"657",48,2024-06-01,"0-17 years","higher risk",0,0.0179160265791462
"658",49,2024-06-08,"0-17 years","higher risk",0,0.000471474383661466
"659",50,2024-06-15,"0-17 years","higher risk",0,0.000471474383662201
"660",51,2024-06-22,"0-17 years","higher risk",0,0.000942948767323422
"661",52,2024-06-30,"0-17 years","higher risk",0,0
"662",13,2023-09-30,"0-17 years","higher risk",0,0.0806808998677906
"663",14,2023-10-07,"0-17 years","higher risk",0,0.0806808998677906
"664",15,2023-10-14,"0-17 years","higher risk",0,0.0513907078191299
"665",16,2023-10-21,"0-17 years","higher risk",0,0.0588635644772625
"666",17,2023-10-28,"0-17 years","higher risk",0,0.0482730742149872
"667",18,2023-11-04,"0-17 years","higher risk",0,0.150924236736799
"668",19,2023-11-11,"0-17 years","higher risk",0,0.0334805346203349
"669",20,2023-11-18,"0-17 years","higher risk",0,0.0524809769277151
"670",21,2023-11-25,"0-17 years","higher risk",0,0.0163659898476018
"671",22,2023-12-02,"0-17 years","higher risk",0,0.0941590166936691
"672",23,2023-12-09,"0-17 years","higher risk",0,0.0103724364405584
"673",24,2023-12-16,"0-17 years","higher risk",0,0.00373642832906612
"674",25,2023-12-23,"0-17 years","higher risk",0,0.0228488242374808
"675",26,2023-12-30,"0-17 years","higher risk",0,0.00493865103868572
"676",27,2024-01-06,"0-17 years","higher risk",0,0.072883889167258
"677",1,2023-07-08,"18-29 years","higher risk",0.02957217858536,0.00195586342490004
"678",2,2023-07-15,"18-29 years","higher risk",0.04435826787804,0.00195586342490004
"679",3,2023-07-22,"18-29 years","higher risk",0.0591443571707201,0.00195586342490004
"680",4,2023-07-29,"18-29 years","higher risk",0.0739304464634001,0.00195586342490004
"681",5,2023-08-05,"18-29 years","higher risk",0.0887165357560801,0.00195586342490004
"682",6,2023-08-12,"18-29 years","higher risk",0.10350262504876,0.00195586342490004
"683",7,2023-08-19,"18-29 years","higher risk",0.11828871434144,0.00195586342490004
"684",8,2023-08-26,"18-29 years","higher risk",0.13307480363412,0.00195586342490004
"685",9,2023-09-02,"18-29 years","higher risk",0.1478608929268,0.00195586342490004
"686",10,2023-09-09,"18-29 years","higher risk",0.16264698221948,0.00195586342490004
"687",11,2023-09-16,"18-29 years","higher risk",0.17743307151216,0.00195586342490004
"688",12,2023-09-23,"18-29 years","higher risk",0.19221916080484,0.00195586342490004
"689",21,2023-11-25,"18-29 years","higher risk",3.39723139234888,0.0172837104230301
"690",16,2023-10-21,"18-29 years","higher risk",1.69861569617444,0.0432092760575752
"691",19,2023-11-11,"18-29 years","higher risk",3.07057452769995,0.0345674208460602
"692",27,2024-01-06,"18-29 years","higher risk",5.87982356368075,0.120985972961211
"693",14,2023-10-07,"18-29 years","higher risk",1.04530196687658,0.0691348416921203
"694",22,2023-12-02,"18-29 years","higher risk",4.63852747801481,0.164195249018786
"695",17,2023-10-28,"18-29 years","higher risk",2.09060393375316,0.0518511312690902
"696",20,2023-11-18,"18-29 years","higher risk",3.26656864648931,0.0259255656345451
"697",28,2024-01-13,"18-29 years","higher risk",6.07581768247011,0.0259255656345452
"698",15,2023-10-14,"18-29 years","higher risk",1.37195883152551,0.0432092760575752
"699",23,2023-12-09,"18-29 years","higher risk",4.7038588509446,0.00864185521151509
"700",18,2023-11-04,"18-29 years","higher risk",2.8092490359808,0.0950604073266654
"701",13,2023-09-30,"18-29 years","higher risk",0.522650983438289,0.0691348416921203
"702",34,2024-02-24,"18-29 years","higher risk",6.46780592004882,0
"703",29,2024-01-20,"18-29 years","higher risk",6.20648042832968,0.01728371042303
"704",24,2023-12-16,"18-29 years","higher risk",4.76919022387439,0.00864185521151501
"705",32,2024-02-10,"18-29 years","higher risk",6.33714317418925,0
"706",35,2024-03-02,"18-29 years","higher risk",6.72913141176797,0.0345674208460602
"707",43,2024-04-27,"18-29 years","higher risk",7.0557882764169,0
"708",30,2024-01-27,"18-29 years","higher risk",6.27181180125947,0.00864185521151501
"709",25,2023-12-23,"18-29 years","higher risk",4.89985296973396,0.0172837104230301
"710",33,2024-02-17,"18-29 years","higher risk",6.46780592004882,0.0172837104230302
"711",36,2024-03-09,"18-29 years","higher risk",6.79446278469776,0.00864185521151501
"712",44,2024-05-04,"18-29 years","higher risk",7.18645102227647,0.01728371042303
"713",31,2024-02-03,"18-29 years","higher risk",6.33714317418925,0.00864185521151501
"714",26,2023-12-30,"18-29 years","higher risk",4.96518434266375,0.00864185521151501
"715",47,2024-05-25,"18-29 years","higher risk",7.25178239520626,0.00864185521151501
"716",42,2024-04-20,"18-29 years","higher risk",7.0557882764169,0
"717",37,2024-03-16,"18-29 years","higher risk",6.79446278469776,0
"718",45,2024-05-11,"18-29 years","higher risk",7.18645102227647,0
"719",40,2024-04-06,"18-29 years","higher risk",7.0557882764169,0.0345674208460602
"720",48,2024-06-01,"18-29 years","higher risk",7.31711376813604,0.00864185521151501
"721",51,2024-06-22,"18-29 years","higher risk",7.31711376813604,0
"722",38,2024-03-23,"18-29 years","higher risk",6.79446278469776,0
"723",46,2024-05-18,"18-29 years","higher risk",7.18645102227647,0
"724",41,2024-04-13,"18-29 years","higher risk",7.0557882764169,0
"725",49,2024-06-08,"18-29 years","higher risk",7.31711376813604,0
"726",52,2024-06-30,"18-29 years","higher risk",7.38244514106583,0.00864185521151516
"727",39,2024-03-31,"18-29 years","higher risk",6.79446278469776,0
"728",50,2024-06-15,"18-29 years","higher risk",7.31711376813604,0
"729",1,2023-07-08,"30-49 years","higher risk",0.0133359039044985,0.000893565043475658
"730",3,2023-07-22,"30-49 years","higher risk",0.0266718078089971,0.000893565043475658
"731",4,2023-07-29,"30-49 years","higher risk",0.0333397597612463,0.000893565043475658
"732",5,2023-08-05,"30-49 years","higher risk",0.0400077117134956,0.000893565043475658
"733",6,2023-08-12,"30-49 years","higher risk",0.0466756636657449,0.000893565043475658
"734",17,2023-10-28,"30-49 years","higher risk",2.24473640890128,0.0527201026054263
"735",8,2023-08-26,"30-49 years","higher risk",0.0600115675702434,0.000893565043475658
"736",9,2023-09-02,"30-49 years","higher risk",0.0666795195224927,0.000893565043475658
"737",10,2023-09-09,"30-49 years","higher risk",0.0733474714747419,0.000893565043475658
"738",11,2023-09-16,"30-49 years","higher risk",0.0800154234269912,0.000893565043475658
"739",18,2023-11-04,"30-49 years","higher risk",3.51752509436076,0.170565037841085
"740",13,2023-09-30,"30-49 years","higher risk",0.485973861720895,0.0651248326302324
"741",21,2023-11-25,"30-49 years","higher risk",4.46633120533965,0.0124047300248061
"742",16,2023-10-21,"30-49 years","higher risk",1.85132899703198,0.0651248326302324
"743",24,2023-12-16,"30-49 years","higher risk",5.43827892878144,0
"744",19,2023-11-11,"30-49 years","higher risk",3.93407411869296,0.0558212851116278
"745",14,2023-10-07,"30-49 years","higher risk",0.97194772344179,0.0651248326302324
"746",22,2023-12-02,"30-49 years","higher risk",5.20686280415244,0.0992378401984494
"747",30,2024-01-27,"30-49 years","higher risk",6.47965148961193,0.0155059125310077
"748",25,2023-12-23,"30-49 years","higher risk",5.46142054124434,0.00310118250620148
"749",20,2023-11-18,"30-49 years","higher risk",4.37376475548805,0.0589224676178294
"750",15,2023-10-14,"30-49 years","higher risk",1.36535513531109,0.0527201026054262
"751",23,2023-12-09,"30-49 years","higher risk",5.43827892878144,0.0310118250620155
"752",31,2024-02-03,"30-49 years","higher risk",6.68792600177803,0.0279106425558138
"753",26,2023-12-30,"30-49 years","higher risk",5.62341182848464,0.0217082775434108
"754",34,2024-02-24,"30-49 years","higher risk",6.71106761424093,0.00310118250620159
"755",29,2024-01-20,"30-49 years","higher risk",6.36394342729743,0.0124047300248061
"756",37,2024-03-16,"30-49 years","higher risk",7.01190857625862,0
"757",32,2024-02-10,"30-49 years","higher risk",6.68792600177803,0
"758",27,2024-01-06,"30-49 years","higher risk",6.20195214005713,0.0775295626550386
"759",35,2024-03-02,"30-49 years","higher risk",6.96562535133282,0.034113007568217
"760",43,2024-04-27,"30-49 years","higher risk",7.22018308842472,0
"761",38,2024-03-23,"30-49 years","higher risk",7.10447502611022,0.0124047300248061
"762",33,2024-02-17,"30-49 years","higher risk",6.68792600177803,0
"763",28,2024-01-13,"30-49 years","higher risk",6.27137697744583,0.00930354751860465
"764",36,2024-03-09,"30-49 years","higher risk",7.01190857625862,0.00620236501240306
"765",44,2024-05-04,"30-49 years","higher risk",7.28960792581342,0.00930354751860454
"766",39,2024-03-31,"30-49 years","higher risk",7.12761663857312,0.00310118250620159
"767",47,2024-05-25,"30-49 years","higher risk",7.28960792581342,0
"768",42,2024-04-20,"30-49 years","higher risk",7.22018308842472,0.00310118250620181
"769",50,2024-06-15,"30-49 years","higher risk",7.38217437566502,0.00310118250620137
"770",45,2024-05-11,"30-49 years","higher risk",7.28960792581342,0
"771",40,2024-04-06,"30-49 years","higher risk",7.19704147596182,0.00930354751860454
"772",48,2024-06-01,"30-49 years","higher risk",7.35903276320212,0.00930354751860454
"773",2,2023-07-15,"30-49 years","higher risk",0.0200038558567478,0.000893565043475658
"774",51,2024-06-22,"30-49 years","higher risk",7.38217437566502,0
"775",46,2024-05-18,"30-49 years","higher risk",7.28960792581342,0
"776",41,2024-04-13,"30-49 years","higher risk",7.19704147596182,0
"777",49,2024-06-08,"30-49 years","higher risk",7.35903276320212,0
"778",7,2023-08-19,"30-49 years","higher risk",0.0533436156179941,0.000893565043475658
"779",52,2024-06-30,"30-49 years","higher risk",7.38217437566502,0
"780",12,2023-09-23,"30-49 years","higher risk",0.0866833753792405,0.000893565043475658
"781",1,2023-07-08,"50-64 years","higher risk",0.0318665798470259,0.00131331742722879
"782",2,2023-07-15,"50-64 years","higher risk",0.0477998697705388,0.00131331742722879
"783",3,2023-07-22,"50-64 years","higher risk",0.0637331596940517,0.00131331742722879
"784",19,2023-11-11,"50-64 years","higher risk",6.81270003311056,0.0858311424012864
"785",6,2023-08-12,"50-64 years","higher risk",0.111533029464591,0.00131331742722879
"786",7,2023-08-19,"50-64 years","higher risk",0.127466319388103,0.00131331742722879
"787",8,2023-08-26,"50-64 years","higher risk",0.143399609311616,0.00131331742722879
"788",25,2023-12-23,"50-64 years","higher risk",9.56110740395892,0.0352963421638584
"789",20,2023-11-18,"50-64 years","higher risk",7.25706996152167,0.0366276377270651
"790",11,2023-09-16,"50-64 years","higher risk",0.191199479082155,0.00131331742722879
"791",12,2023-09-23,"50-64 years","higher risk",0.207132769005668,0.00131331742722879
"792",18,2023-11-04,"50-64 years","higher risk",5.77138858167287,0.0994457374028699
"793",26,2023-12-30,"50-64 years","higher risk",9.63025301572964,0.00569939650824255
"794",13,2023-09-30,"50-64 years","higher risk",0.439224592397935,0.0362035282375938
"795",16,2023-10-21,"50-64 years","higher risk",3.78817797299869,0.143918266702561
"796",24,2023-12-16,"50-64 years","higher risk",9.13288887789935,0.0268005445833266
"797",32,2024-02-10,"50-64 years","higher risk",10.8884390043646,0.00916031137954277
"798",27,2024-01-06,"50-64 years","higher risk",10.1151527834318,0.0399683504435954
"799",14,2023-10-07,"50-64 years","higher risk",0.87844918479587,0.0362035282375938
"800",17,2023-10-28,"50-64 years","higher risk",4.5649035896623,0.0640223891886884
"801",30,2024-01-27,"50-64 years","higher risk",10.7773052495131,0.00903330532921963
"802",33,2024-02-17,"50-64 years","higher risk",10.9067365896522,0.00150819684758498
"803",28,2024-01-13,"50-64 years","higher risk",10.4444267731095,0.0271407393609775
"804",15,2023-10-14,"50-64 years","higher risk",2.04214809391608,0.0959190515412236
"805",23,2023-12-09,"50-64 years","higher risk",8.80774216309847,0.0266032316122894
"806",31,2024-02-03,"50-64 years","higher risk",10.7773052495131,0
"807",34,2024-02-24,"50-64 years","higher risk",10.958189949784,0.0042410948947129
"808",21,2023-11-25,"50-64 years","higher risk",7.49647941954676,0.0197335650689284
"809",29,2024-01-20,"50-64 years","higher risk",10.6677123439489,0.0184045374709061
"810",37,2024-03-16,"50-64 years","higher risk",11.227783544742,0.000117934189585644
"811",40,2024-04-06,"50-64 years","higher risk",11.5037606581763,0.0177513634978167
"812",35,2024-03-02,"50-64 years","higher risk",11.2244542096746,0.0219470990888426
"813",22,2023-12-02,"50-64 years","higher risk",8.48498926772619,0.0814789172125412
"814",51,2024-06-22,"50-64 years","higher risk",11.9343179733327,0.00043998524576159
"815",38,2024-03-23,"50-64 years","higher risk",11.2292693636977,0.000122470119954149
"816",41,2024-04-13,"50-64 years","higher risk",11.5497935306364,0.00379430575339807
"817",36,2024-03-09,"50-64 years","higher risk",11.226352756118,0.000156489597719387
"818",44,2024-05-04,"50-64 years","higher risk",11.6712454726802,0.00972730267562734
"819",52,2024-06-30,"50-64 years","higher risk",11.9408940979699,0.000542043679056821
"820",39,2024-03-31,"50-64 years","higher risk",11.2883994551005,0.00487385718114321
"821",42,2024-04-20,"50-64 years","higher risk",11.5532329263672,0.000283495648042364
"822",50,2024-06-15,"50-64 years","higher risk",11.9289800311586,7.48428510832343e-05
"823",45,2024-05-11,"50-64 years","higher risk",11.6741070499282,0.000235868379171127
"824",48,2024-06-01,"50-64 years","higher risk",11.9280720306857,0.0207949727751988
"825",43,2024-04-27,"50-64 years","higher risk",11.5532329263672,0
"826",4,2023-07-29,"50-64 years","higher risk",0.0796664496175647,0.00131331742722879
"827",5,2023-08-05,"50-64 years","higher risk",0.0955997395410776,0.00131331742722879
"828",46,2024-05-18,"50-64 years","higher risk",11.6757854750448,0.000138345876244561
"829",49,2024-06-08,"50-64 years","higher risk",11.9280720306857,0
"830",9,2023-09-02,"50-64 years","higher risk",0.159332899235129,0.00131331742722879
"831",10,2023-09-09,"50-64 years","higher risk",0.175266189158642,0.00131331742722879
"832",47,2024-05-25,"50-64 years","higher risk",11.6757854750448,0
"833",4,2023-07-29,"65-74 years","higher risk",0.797258913130192,0.00690894208579268
"834",5,2023-08-05,"65-74 years","higher risk",0.95671069575623,0.00690894208579268
"835",19,2023-11-11,"65-74 years","higher risk",12.5094976295346,0.0387163142995457
"836",27,2024-01-06,"65-74 years","higher risk",17.7590189562143,0.0290372357246592
"837",14,2023-10-07,"65-74 years","higher risk",5.13782938355887,0.111309403611194
"838",9,2023-09-02,"65-74 years","higher risk",1.59451782626038,0.00690894208579268
"839",10,2023-09-09,"65-74 years","higher risk",1.75396960888642,0.00690894208579268
"840",20,2023-11-18,"65-74 years","higher risk",14.2965687194681,0.0774326285990913
"841",28,2024-01-13,"65-74 years","higher risk",18.0940947855769,0.0145186178623297
"842",15,2023-10-14,"65-74 years","higher risk",7.87428199001957,0.118568712542359
"843",18,2023-11-04,"65-74 years","higher risk",11.6159620845679,0.0483953928744321
"844",26,2023-12-30,"65-74 years","higher risk",17.0888672974893,0.00725930893116483
"845",13,2023-09-30,"65-74 years","higher risk",2.56891469177943,0.111309403611194
"846",21,2023-11-25,"65-74 years","higher risk",14.5757985772703,0.012098848218608
"847",16,2023-10-21,"65-74 years","higher risk",9.66135307995308,0.0774326285990913
"848",24,2023-12-16,"65-74 years","higher risk",16.8096374396872,0.0290372357246592
"849",32,2024-02-10,"65-74 years","higher risk",18.9876303305436,0.00483953928744328
"850",35,2024-03-02,"65-74 years","higher risk",19.5460900461479,0.0169383875060513
"851",22,2023-12-02,"65-74 years","higher risk",15.5810260653579,0.0435558535869889
"852",17,2023-10-28,"65-74 years","higher risk",10.4990426533594,0.036296544655824
"853",25,2023-12-23,"65-74 years","higher risk",16.921329382808,0.00483953928744319
"854",33,2024-02-17,"65-74 years","higher risk",19.0434763021041,0.00241976964372164
"855",36,2024-03-09,"65-74 years","higher risk",19.7694739323895,0.00967907857488638
"856",23,2023-12-09,"65-74 years","higher risk",16.1394857809621,0.024197696437216
"857",31,2024-02-03,"65-74 years","higher risk",18.8759383874228,0
"858",34,2024-02-24,"65-74 years","higher risk",19.1551682452249,0.0048395392874431
"859",42,2024-04-20,"65-74 years","higher risk",20.4396255911146,0.00241976964372164
"860",29,2024-01-20,"65-74 years","higher risk",18.7084004727415,0.0266174660809377
"861",37,2024-03-16,"65-74 years","higher risk",20.1045497617521,0.0145186178623297
"862",45,2024-05-11,"65-74 years","higher risk",20.7747014204772,0
"863",40,2024-04-06,"65-74 years","higher risk",20.3279336479938,0.00241976964372164
"864",43,2024-04-27,"65-74 years","higher risk",20.5513175342355,0.0048395392874431
"865",30,2024-01-27,"65-74 years","higher risk",18.8759383874228,0.00725930893116474
"866",38,2024-03-23,"65-74 years","higher risk",20.1603957333125,0.00241976964372164
"867",46,2024-05-18,"65-74 years","higher risk",20.7747014204772,0
"868",41,2024-04-13,"65-74 years","higher risk",20.3837796195542,0.00241976964372164
"869",44,2024-05-04,"65-74 years","higher risk",20.7747014204772,0.00967907857488638
"870",52,2024-06-30,"65-74 years","higher risk",21.1656232214001,0.00241976964372164
"871",39,2024-03-31,"65-74 years","higher risk",20.2720876764334,0.0048395392874431
"872",47,2024-05-25,"65-74 years","higher risk",20.886393363598,0.00483953928744328
"873",50,2024-06-15,"65-74 years","higher risk",21.1097772498397,0
"874",1,2023-07-08,"65-74 years","higher risk",0.318903565252077,0.00690894208579268
"875",2,2023-07-15,"65-74 years","higher risk",0.478355347878115,0.00690894208579268
"876",3,2023-07-22,"65-74 years","higher risk",0.637807130504154,0.00690894208579268
"877",48,2024-06-01,"65-74 years","higher risk",21.1097772498397,0.00967907857488638
"878",51,2024-06-22,"65-74 years","higher risk",21.1097772498397,0
"879",6,2023-08-12,"65-74 years","higher risk",1.11616247838227,0.00690894208579268
"880",7,2023-08-19,"65-74 years","higher risk",1.27561426100831,0.00690894208579268
"881",8,2023-08-26,"65-74 years","higher risk",1.43506604363435,0.00690894208579268
"882",49,2024-06-08,"65-74 years","higher risk",21.1097772498397,0
"883",11,2023-09-16,"65-74 years","higher risk",1.91342139151246,0.00690894208579268
"884",12,2023-09-23,"65-74 years","higher risk",2.0728731741385,0.00690894208579268
"885",2,2023-07-15,"75+ years","higher risk",0.549149839107876,0.00783507216117992
"886",21,2023-11-25,"75+ years","higher risk",14.9177329961074,0.0144571138414761
"887",16,2023-10-21,"75+ years","higher risk",11.4838397403996,0.110837872784651
"888",7,2023-08-19,"75+ years","higher risk",1.46439957095433,0.00783507216117992
"889",19,2023-11-11,"75+ years","higher risk",13.7355730228309,0.0674665312602222
"890",14,2023-10-07,"75+ years","higher risk",5.51674654195668,0.118066429705389
"891",22,2023-12-02,"75+ years","higher risk",15.536959648776,0.0265047087093731
"892",17,2023-10-28,"75+ years","higher risk",12.159359725129,0.0289142276829524
"893",12,2023-09-23,"75+ years","higher risk",2.37964930280079,0.00783507216117992
"894",20,2023-11-18,"75+ years","higher risk",14.5799730037427,0.0361427846036905
"895",15,2023-10-14,"75+ years","higher risk",8.89434646560363,0.144571138414762
"896",23,2023-12-09,"75+ years","higher risk",15.7621329770191,0.00963807589431743
"897",18,2023-11-04,"75+ years","higher risk",12.159359725129,0
"898",13,2023-09-30,"75+ years","higher risk",2.75837327097834,0.118066429705389
"899",34,2024-02-24,"75+ years","higher risk",19.0834395686053,0.00240951897357923
"900",29,2024-01-20,"75+ years","higher risk",18.126452923572,0.0120475948678968
"901",24,2023-12-16,"75+ years","higher risk",15.9873063052622,0.00963807589431751
"902",32,2024-02-10,"75+ years","higher risk",19.0271462365445,0
"903",27,2024-01-06,"75+ years","higher risk",17.6761062670857,0.0289142276829523
"904",35,2024-03-02,"75+ years","higher risk",19.5900795571523,0.0216856707622144
"905",30,2024-01-27,"75+ years","higher risk",18.4079195838759,0.0120475948678968
"906",25,2023-12-23,"75+ years","higher risk",16.2124796335054,0.00963807589431743
"907",33,2024-02-17,"75+ years","higher risk",19.0271462365445,0
"908",28,2024-01-13,"75+ years","higher risk",17.844986263268,0.0072285569207382
"909",36,2024-03-09,"75+ years","higher risk",19.7589595533346,0.00722855692073803
"910",31,2024-02-03,"75+ years","higher risk",19.0271462365445,0.0265047087093731
"911",26,2023-12-30,"75+ years","higher risk",17.0005862823563,0.0337332656301112
"912",47,2024-05-25,"75+ years","higher risk",21.0537061907326,0.00481903794715863
"913",42,2024-04-20,"75+ years","higher risk",20.4907728701248,0.00481903794715863
"914",37,2024-03-16,"75+ years","higher risk",20.2093062098209,0.0192761517886349
"915",45,2024-05-11,"75+ years","higher risk",20.8848261945503,0
"916",40,2024-04-06,"75+ years","higher risk",20.3218928739425,0
"917",48,2024-06-01,"75+ years","higher risk",21.1099995227934,0.0024095189735794
"918",43,2024-04-27,"75+ years","higher risk",20.4907728701248,0
"919",38,2024-03-23,"75+ years","higher risk",20.2655995418817,0.0024095189735794
"920",46,2024-05-18,"75+ years","higher risk",20.9411195266111,0.0024095189735794
"921",41,2024-04-13,"75+ years","higher risk",20.3781862060033,0.0024095189735794
"922",49,2024-06-08,"75+ years","higher risk",21.1662928548542,0.0024095189735794
"923",44,2024-05-04,"75+ years","higher risk",20.8848261945503,0.0168666328150556
"924",39,2024-03-31,"75+ years","higher risk",20.3218928739425,0.0024095189735794
"925",1,2023-07-08,"75+ years","higher risk",0.366099892738584,0.00783507216117992
"926",50,2024-06-15,"75+ years","higher risk",21.1662928548542,0
"927",3,2023-07-22,"75+ years","higher risk",0.732199785477167,0.00783507216117992
"928",4,2023-07-29,"75+ years","higher risk",0.915249731846459,0.00783507216117992
"929",5,2023-08-05,"75+ years","higher risk",1.09829967821575,0.00783507216117992
"930",6,2023-08-12,"75+ years","higher risk",1.28134962458504,0.00783507216117992
"931",51,2024-06-22,"75+ years","higher risk",21.1662928548542,0
"932",8,2023-08-26,"75+ years","higher risk",1.64744951732363,0.00783507216117992
"933",9,2023-09-02,"75+ years","higher risk",1.83049946369292,0.00783507216117992
"934",10,2023-09-09,"75+ years","higher risk",2.01354941006221,0.00783507216117992
"935",11,2023-09-16,"75+ years","higher risk",2.1965993564315,0.00783507216117992
"936",52,2024-06-30,"75+ years","higher risk",21.1662928548542,0
