"","age_group","estimate","prior_inf","month_input","months","weeks","ve_pred"
"1","18-49 years","lower",0,-1.46902575871736,0,1,0.652462720348927
"2","18-49 years","mean",0,-1.46902575871736,0,1,0.700898245018099
"3","18-49 years","upper",0,-1.46902575871736,0,1,0.7584902815987
"4","50-64 years","lower",0,-1.46902575871736,0,1,0.652462720348927
"5","50-64 years","mean",0,-1.46902575871736,0,1,0.700898245018099
"6","50-64 years","upper",0,-1.46902575871736,0,1,0.7584902815987
"7","18-49 years","lower",0,-0.77587857815741,0,2,0.575281066498324
"8","18-49 years","mean",0,-0.77587857815741,0,2,0.634473232592674
"9","18-49 years","upper",0,-0.77587857815741,0,2,0.704855403907534
"10","50-64 years","lower",0,-0.77587857815741,0,2,0.575281066498324
"11","50-64 years","mean",0,-0.77587857815741,0,2,0.634473232592674
"12","50-64 years","upper",0,-0.77587857815741,0,2,0.704855403907534
"13","18-49 years","lower",0,-0.370413470049246,0,3,0.522413560640849
"14","18-49 years","mean",0,-0.370413470049246,0,3,0.588973757545385
"15","18-49 years","upper",0,-0.370413470049246,0,3,0.66811685181598
"16","50-64 years","lower",0,-0.370413470049246,0,3,0.522413560640849
"17","50-64 years","mean",0,-0.370413470049246,0,3,0.588973757545385
"18","50-64 years","upper",0,-0.370413470049246,0,3,0.66811685181598
"19","18-49 years","lower",0,-0.0827313975974646,0,4,0.480958783311221
"20","18-49 years","mean",0,-0.0827313975974646,0,4,0.55329644354867
"21","18-49 years","upper",0,-0.0827313975974646,0,4,0.639309203872948
"22","50-64 years","lower",0,-0.0827313975974646,0,4,0.480958783311221
"23","50-64 years","mean",0,-0.0827313975974646,0,4,0.55329644354867
"24","50-64 years","upper",0,-0.0827313975974646,0,4,0.639309203872948
"25","18-49 years","lower",0,0.140412153716745,1,5,0.446341648173218
"26","18-49 years","mean",0,0.140412153716745,1,5,0.52350382422847
"27","18-49 years","upper",0,0.140412153716745,1,5,0.615253152771228
"28","50-64 years","lower",0,0.140412153716745,1,5,0.446341648173218
"29","50-64 years","mean",0,0.140412153716745,1,5,0.52350382422847
"30","50-64 years","upper",0,0.140412153716745,1,5,0.615253152771228
"31","18-49 years","lower",0,0.3227337105107,1,6,0.416350374316296
"32","18-49 years","mean",0,0.3227337105107,1,6,0.497692369832111
"33","18-49 years","upper",0,0.3227337105107,1,6,0.594411693371668
"34","50-64 years","lower",0,0.3227337105107,1,6,0.416350374316296
"35","50-64 years","mean",0,0.3227337105107,1,6,0.497692369832111
"36","50-64 years","upper",0,0.3227337105107,1,6,0.594411693371668
"37","18-49 years","lower",0,0.476884390337958,1,7,0.389729128838063
"38","18-49 years","mean",0,0.476884390337958,1,7,0.474781270193138
"39","18-49 years","upper",0,0.476884390337958,1,7,0.575912125482448
"40","50-64 years","lower",0,0.476884390337958,1,7,0.389729128838063
"41","50-64 years","mean",0,0.476884390337958,1,7,0.474781270193138
"42","50-64 years","upper",0,0.476884390337958,1,7,0.575912125482448
"43","18-49 years","lower",0,0.610415782962481,1,8,0.365689251475989
"44","18-49 years","mean",0,0.610415782962481,1,8,0.454091778936933
"45","18-49 years","upper",0,0.610415782962481,1,8,0.559206395328994
"46","50-64 years","lower",0,0.610415782962481,1,8,0.365689251475989
"47","50-64 years","mean",0,0.610415782962481,1,8,0.454091778936933
"48","50-64 years","upper",0,0.610415782962481,1,8,0.559206395328994
"49","18-49 years","lower",0,0.728198818618864,2,9,0.343699739812796
"50","18-49 years","mean",0,0.728198818618864,2,9,0.435166898313308
"51","18-49 years","upper",0,0.728198818618864,2,9,0.543925500068227
"52","50-64 years","lower",0,0.728198818618864,2,9,0.343699739812796
"53","50-64 years","mean",0,0.728198818618864,2,9,0.435166898313308
"54","50-64 years","upper",0,0.728198818618864,2,9,0.543925500068227
"55","18-49 years","lower",0,0.83355933427669,2,10,0.323384285713877
"56","18-49 years","mean",0,0.83355933427669,2,10,0.417682765444623
"57","18-49 years","upper",0,0.83355933427669,2,10,0.529807936612731
"58","50-64 years","lower",0,0.83355933427669,2,10,0.323384285713877
"59","50-64 years","mean",0,0.83355933427669,2,10,0.417682765444623
"60","50-64 years","upper",0,0.83355933427669,2,10,0.529807936612731
"61","18-49 years","lower",0,0.928869514081015,2,11,0.304465514466972
"62","18-49 years","mean",0,0.928869514081015,2,11,0.401400662736873
"63","18-49 years","upper",0,0.928869514081015,2,11,0.516660952436167
"64","50-64 years","lower",0,0.928869514081015,2,11,0.304465514466972
"65","50-64 years","mean",0,0.928869514081015,2,11,0.401400662736873
"66","50-64 years","upper",0,0.928869514081015,2,11,0.516660952436167
"67","18-49 years","lower",0,1.01588089107064,2,12,0.286732500156778
"68","18-49 years","mean",0,1.01588089107064,2,12,0.386139060566817
"69","18-49 years","upper",0,1.01588089107064,2,12,0.504337971440399
"70","50-64 years","lower",0,1.01588089107064,2,12,0.286732500156778
"71","50-64 years","mean",0,1.01588089107064,2,12,0.386139060566817
"72","50-64 years","upper",0,1.01588089107064,2,12,0.504337971440399
"73","18-49 years","lower",0,1.09592359874418,2,13,0.270020729745642
"74","18-49 years","mean",0,1.09592359874418,2,13,0.371756373725728
"75","18-49 years","upper",0,1.09592359874418,2,13,0.492724670645639
"76","50-64 years","lower",0,1.09592359874418,2,13,0.270020729745642
"77","50-64 years","mean",0,1.09592359874418,2,13,0.371756373725729
"78","50-64 years","upper",0,1.09592359874418,2,13,0.492724670645639
"79","18-49 years","lower",0,1.1700315708979,3,14,0.254199164454338
"80","18-49 years","mean",0,1.1700315708979,3,14,0.358139826027763
"81","18-49 years","upper",0,1.1700315708979,3,14,0.481729988918236
"82","50-64 years","lower",0,1.1700315708979,3,14,0.254199164454338
"83","50-64 years","mean",0,1.1700315708979,3,14,0.358139826027763
"84","50-64 years","upper",0,1.1700315708979,3,14,0.481729988918237
"85","18-49 years","lower",0,1.23902444238485,3,15,0.239161562362788
"86","18-49 years","mean",0,1.23902444238485,3,15,0.345197982261196
"87","18-49 years","upper",0,1.23902444238485,3,15,0.471280096894546
"88","50-64 years","lower",0,1.23902444238485,3,15,0.239161562362789
"89","50-64 years","mean",0,1.23902444238485,3,15,0.345197982261196
"90","50-64 years","upper",0,1.23902444238485,3,15,0.471280096894546
"91","18-49 years","lower",0,1.30356296352243,3,16,0.224820471368571
"92","18-49 years","mean",0,1.30356296352243,3,16,0.332855578335401
"93","18-49 years","upper",0,1.30356296352243,3,16,0.461314222582995
"94","50-64 years","lower",0,1.30356296352243,3,16,0.224820471368571
"95","50-64 years","mean",0,1.30356296352243,3,16,0.332855578335401
"96","50-64 years","upper",0,1.30356296352243,3,16,0.461314222582995
"97","18-49 years","lower",0,1.36418758533886,3,17,0.211102957002045
"98","18-49 years","mean",0,1.36418758533886,3,17,0.321049844501215
"99","18-49 years","upper",0,1.36418758533886,3,17,0.451781682548292
"100","50-64 years","lower",0,1.36418758533886,3,17,0.211102957002045
"101","50-64 years","mean",0,1.36418758533886,3,17,0.321049844501216
"102","50-64 years","upper",0,1.36418758533886,3,17,0.451781682548292
"103","18-49 years","lower",0,1.42134599917881,4,18,0.197947492587156
"104","18-49 years","mean",0,1.42134599917881,4,18,0.30972782892336
"105","18-49 years","upper",0,1.42134599917881,4,18,0.442639720829918
"106","50-64 years","lower",0,1.42134599917881,4,18,0.197947492587156
"107","50-64 years","mean",0,1.42134599917881,4,18,0.30972782892336
"108","50-64 years","upper",0,1.42134599917881,4,18,0.442639720829918
"109","18-49 years","lower",0,1.47541322044909,4,19,0.185301649190028
"110","18-49 years","mean",0,1.47541322044909,4,19,0.298844409575931
"111","18-49 years","upper",0,1.47541322044909,4,19,0.433851903647101
"112","50-64 years","lower",0,1.47541322044909,4,19,0.185301649190028
"113","50-64 years","mean",0,1.47541322044909,4,19,0.298844409575931
"114","50-64 years","upper",0,1.47541322044909,4,19,0.433851903647101
"115","18-49 years","lower",0,1.52670651483664,4,20,0.173120348842583
"116","18-49 years","mean",0,1.52670651483664,4,20,0.288360790910501
"117","18-49 years","upper",0,1.52670651483664,4,20,0.42538690553344
"118","50-64 years","lower",0,1.52670651483664,4,20,0.173120348842583
"119","50-64 years","mean",0,1.52670651483664,4,20,0.288360790910502
"120","50-64 years","upper",0,1.52670651483664,4,20,0.42538690553344
"121","18-49 years","lower",0,1.57549667900607,4,21,0.161364522691035
"122","18-49 years","mean",0,1.57549667900607,4,21,0.278243349015577
"123","18-49 years","upper",0,1.57549667900607,4,21,0.417217576860886
"124","50-64 years","lower",0,1.57549667900607,4,21,0.161364522691035
"125","50-64 years","mean",0,1.57549667900607,4,21,0.278243349015577
"126","50-64 years","upper",0,1.57549667900607,4,21,0.417217576860886
"127","18-49 years","lower",0,1.62201669464096,5,22,0.150000065587747
"128","18-49 years","mean",0,1.62201669464096,5,22,0.268462731904736
"129","18-49 years","upper",0,1.62201669464096,5,22,0.409320217367382
"130","50-64 years","lower",0,1.62201669464096,5,22,0.150000065587747
"131","50-64 years","mean",0,1.62201669464096,5,22,0.268462731904736
"132","50-64 years","upper",0,1.62201669464096,5,22,0.409320217367382
"133","18-49 years","lower",0,1.66646845721179,5,23,0.138997011273509
"134","18-49 years","mean",0,1.66646845721179,5,23,0.258993149651995
"135","18-49 years","upper",0,1.66646845721179,5,23,0.401674002976644
"136","50-64 years","lower",0,1.66646845721179,5,23,0.138997011273509
"137","50-64 years","mean",0,1.66646845721179,5,23,0.258993149651995
"138","50-64 years","upper",0,1.66646845721179,5,23,0.401674002976644
"139","18-49 years","lower",0,1.70902807163059,5,24,0.12832887413123
"140","18-49 years","mean",0,1.70902807163059,5,24,0.249811807883864
"141","18-49 years","upper",0,1.70902807163059,5,24,0.394260528371316
"142","50-64 years","lower",0,1.70902807163059,5,24,0.12832887413123
"143","50-64 years","mean",0,1.70902807163059,5,24,0.249811807883864
"144","50-64 years","upper",0,1.70902807163059,5,24,0.394260528371316
"145","18-49 years","lower",0,1.74985006615085,5,25,0.117972118400328
"146","18-49 years","mean",0,1.74985006615085,5,25,0.240898450968192
"147","18-49 years","upper",0,1.74985006615085,5,25,0.387063438140787
"148","50-64 years","lower",0,1.74985006615085,5,25,0.117972118400328
"149","50-64 years","mean",0,1.74985006615085,5,25,0.240898450968192
"150","50-64 years","upper",0,1.74985006615085,5,25,0.387063438140787
"151","18-49 years","lower",0,1.78907077930413,5,26,0.107905726107891
"152","18-49 years","mean",0,1.78907077930413,5,26,0.232234990161837
"153","18-49 years","upper",0,1.78907077930413,5,26,0.380068126529025
"154","50-64 years","lower",0,1.78907077930413,5,26,0.107905726107891
"155","50-64 years","mean",0,1.78907077930413,5,26,0.232234990161837
"156","50-64 years","upper",0,1.78907077930413,5,26,0.380068126529025
"157","18-49 years","lower",0,1.82681110728697,6,27,0.0981108423016237
"158","18-49 years","mean",0,1.82681110728697,6,27,0.223805198286734
"159","18-49 years","upper",0,1.82681110728697,6,27,0.373261490900755
"160","50-64 years","lower",0,1.82681110728697,6,27,0.0981108423016238
"161","50-64 years","mean",0,1.82681110728697,6,27,0.223805198286734
"162","50-64 years","upper",0,1.82681110728697,6,27,0.373261490900755
"163","18-49 years","lower",0,1.86317875145785,6,28,0.0885704814296896
"164","18-49 years","mean",0,1.86317875145785,6,28,0.215594457030943
"165","18-49 years","upper",0,1.86317875145785,6,28,0.366631727699694
"166","50-64 years","lower",0,1.86317875145785,6,28,0.0885704814296896
"167","50-64 years","mean",0,1.86317875145785,6,28,0.215594457030943
"168","50-64 years","upper",0,1.86317875145785,6,28,0.366631727699694
"169","18-49 years","lower",0,1.89827007126912,6,29,0.079269282540331
"170","18-49 years","mean",0,1.89827007126912,6,29,0.207589546265583
"171","18-49 years","upper",0,1.89827007126912,6,29,0.360168162332494
"172","50-64 years","lower",0,1.89827007126912,6,29,0.0792692825403312
"173","50-64 years","mean",0,1.89827007126912,6,29,0.207589546265583
"174","50-64 years","upper",0,1.89827007126912,6,29,0.360168162332494
"175","18-49 years","lower",0,1.9321716229448,6,30,0.0701933037952277
"176","18-49 years","mean",0,1.9321716229448,6,30,0.199778467196413
"177","18-49 years","upper",0,1.9321716229448,6,30,0.353861106372492
"178","50-64 years","lower",0,1.9321716229448,6,30,0.0701933037952278
"179","50-64 years","mean",0,1.9321716229448,6,30,0.199778467196413
"180","50-64 years","upper",0,1.9321716229448,6,30,0.353861106372492
"181","18-49 years","lower",0,1.96496144576779,7,31,0.0613298488941879
"182","18-49 years","mean",0,1.96496144576779,7,31,0.192150292979346
"183","18-49 years","upper",0,1.96496144576779,7,31,0.347701736939199
"184","50-64 years","lower",0,1.96496144576779,7,31,0.0613298488941879
"185","50-64 years","mean",0,1.96496144576779,7,31,0.192150292979346
"186","50-64 years","upper",0,1.96496144576779,7,31,0.347701736939199
"187","18-49 years","lower",0,1.99671014408237,7,32,0.0526673195945402
"188","18-49 years","mean",0,1.99671014408237,7,32,0.184695041793896
"189","18-49 years","upper",0,1.99671014408237,7,32,0.34168199421145
"190","50-64 years","lower",0,1.99671014408237,7,32,0.0526673195945403
"191","50-64 years","mean",0,1.99671014408237,7,32,0.184695041793896
"192","50-64 years","upper",0,1.99671014408237,7,32,0.341681994211451
"193","18-49 years","lower",0,2.02748180274912,7,33,0.0441950897160605
"194","18-49 years","mean",0,2.02748180274912,7,33,0.177403568407767
"195","18-49 years","upper",0,2.02748180274912,7,33,0.335794493871237
"196","50-64 years","lower",0,2.02748180274912,7,33,0.0441950897160606
"197","50-64 years","mean",0,2.02748180274912,7,33,0.177403568407767
"198","50-64 years","upper",0,2.02748180274912,7,33,0.335794493871237
"199","18-49 years","lower",0,2.05733476589881,7,34,0.0359033969503439
"200","18-49 years","mean",0,2.05733476589881,7,34,0.170267471064522
"201","18-49 years","upper",0,2.05733476589881,7,34,0.330032451920143
"202","50-64 years","lower",0,2.05733476589881,7,34,0.0359033969503441
"203","50-64 years","mean",0,2.05733476589881,7,34,0.170267471064522
"204","50-64 years","upper",0,2.05733476589881,7,34,0.330032451920143
"205","18-49 years","lower",0,2.08632230277206,8,35,0.0277832495131308
"206","18-49 years","mean",0,2.08632230277206,8,35,0.163279011145573
"207","18-49 years","upper",0,2.08632230277206,8,35,0.324389619810427
"208","50-64 years","lower",0,2.08632230277206,8,35,0.0277832495131309
"209","50-64 years","mean",0,2.08632230277206,8,35,0.163279011145573
"210","50-64 years","upper",0,2.08632230277206,8,35,0.324389619810428
"211","18-49 years","lower",0,2.11449317973875,8,36,0.0198263452406094
"212","18-49 years","mean",0,2.11449317973875,8,36,0.156431043541857
"213","18-49 years","upper",0,2.11449317973875,8,36,0.318860228223625
"214","50-64 years","lower",0,2.11449317973875,8,36,0.0198263452406096
"215","50-64 years","mean",0,2.11449317973875,8,36,0.156431043541857
"216","50-64 years","upper",0,2.11449317973875,8,36,0.318860228223625
"217","18-49 years","lower",0,2.14189215392687,8,37,0.0120250011738516
"218","18-49 years","mean",0,2.14189215392687,8,37,0.14971695605194
"219","18-49 years","upper",0,2.14189215392687,8,37,0.313438938137549
"220","50-64 years","lower",0,2.14189215392687,8,37,0.0120250011738517
"221","50-64 years","mean",0,2.14189215392687,8,37,0.14971695605194
"222","50-64 years","upper",0,2.14189215392687,8,37,0.313438938137549
"223","18-49 years","lower",0,2.16856040100903,8,38,0.00437209202711342
"224","18-49 years","mean",0,2.16856040100903,8,38,0.143130616425859
"225","18-49 years","upper",0,2.16856040100903,8,38,0.308120798066834
"226","50-64 years","lower",0,2.16856040100903,8,38,0.00437209202711353
"227","50-64 years","mean",0,2.16856040100903,8,38,0.143130616425859
"228","50-64 years","upper",0,2.16856040100903,8,38,0.308120798066834
"229","18-49 years","lower",0,2.19453588741229,8,39,0
"230","18-49 years","mean",0,2.19453588741229,8,39,0.136666325915737
"231","18-49 years","upper",0,2.19453588741229,8,39,0.302901206557389
"232","50-64 years","lower",0,2.19453588741229,8,39,0
"233","50-64 years","mean",0,2.19453588741229,8,39,0.136666325915737
"234","50-64 years","upper",0,2.19453588741229,8,39,0.302901206557389
"235","18-49 years","lower",0,2.21985369539658,9,40,0
"236","18-49 years","mean",0,2.21985369539658,9,40,0.130318778388541
"237","18-49 years","upper",0,2.21985369539658,9,40,0.297775879171983
"238","50-64 years","lower",0,2.21985369539658,9,40,0
"239","50-64 years","mean",0,2.21985369539658,9,40,0.130318778388541
"240","50-64 years","upper",0,2.21985369539658,9,40,0.297775879171983
"241","18-49 years","lower",0,2.24454630798695,9,41,0
"242","18-49 years","mean",0,2.24454630798695,9,41,0.124083024213494
"243","18-49 years","upper",0,2.24454630798695,9,41,0.292740819331139
"244","50-64 years","lower",0,2.24454630798695,9,41,0
"245","50-64 years","mean",0,2.24454630798695,9,41,0.124083024213494
"246","50-64 years","upper",0,2.24454630798695,9,41,0.292740819331139
"247","18-49 years","lower",0,2.26864385956601,9,42,0
"248","18-49 years","mean",0,2.26864385956601,9,42,0.117954438264535
"249","18-49 years","upper",0,2.26864385956601,9,42,0.287792292476721
"250","50-64 years","lower",0,2.26864385956601,9,42,0
"251","50-64 years","mean",0,2.26864385956601,9,42,0.117954438264535
"252","50-64 years","upper",0,2.26864385956601,9,42,0.287792292476721
"253","18-49 years","lower",0,2.29217435697621,9,43,0
"254","18-49 years","mean",0,2.29217435697621,9,43,0.111928691482759
"255","18-49 years","upper",0,2.29217435697621,9,43,0.282926803110026
"256","50-64 years","lower",0,2.29217435697621,9,43,0
"257","50-64 years","mean",0,2.29217435697621,9,43,0.111928691482759
"258","50-64 years","upper",0,2.29217435697621,9,43,0.282926803110026
"259","18-49 years","lower",0,2.31516387520091,10,44,0
"260","18-49 years","mean",0,2.31516387520091,10,44,0.106001725529732
"261","18-49 years","upper",0,2.31516387520091,10,44,0.278141074325598
"262","50-64 years","lower",0,2.31516387520091,10,44,0
"263","50-64 years","mean",0,2.31516387520091,10,44,0.106001725529732
"264","50-64 years","upper",0,2.31516387520091,10,44,0.278141074325599
"265","18-49 years","lower",0,2.33763673105296,10,45,0
"266","18-49 years","mean",0,2.33763673105296,10,45,0.10016973013359
"267","18-49 years","upper",0,2.33763673105296,10,45,0.273432029519341
"268","50-64 years","lower",0,2.33763673105296,10,45,0
"269","50-64 years","mean",0,2.33763673105296,10,45,0.10016973013359
"270","50-64 years","upper",0,2.33763673105296,10,45,0.273432029519341
"271","18-49 years","lower",0,2.35961563777174,10,46,0
"272","18-49 years","mean",0,2.35961563777174,10,46,0.0944291227887292
"273","18-49 years","upper",0,2.35961563777174,10,46,0.268796775997029
"274","50-64 years","lower",0,2.35961563777174,10,46,0
"275","50-64 years","mean",0,2.35961563777174,10,46,0.0944291227887293
"276","50-64 years","upper",0,2.35961563777174,10,46,0.268796775997029
"277","18-49 years","lower",0,2.3811218429927,10,47,0
"278","18-49 years","mean",0,2.3811218429927,10,47,0.0887765305190606
"279","18-49 years","upper",0,2.3811218429927,10,47,0.264232590249046
"280","50-64 years","lower",0,2.3811218429927,10,47,0
"281","50-64 years","mean",0,2.3811218429927,10,47,0.0887765305190606
"282","50-64 years","upper",0,2.3811218429927,10,47,0.264232590249046
"283","18-49 years","lower",0,2.40217525219054,11,48,0
"284","18-49 years","mean",0,2.40217525219054,11,48,0.0832087734558739
"285","18-49 years","upper",0,2.40217525219054,11,48,0.259736904690335
"286","50-64 years","lower",0,2.40217525219054,11,48,0
"287","50-64 years","mean",0,2.40217525219054,11,48,0.083208773455874
"288","50-64 years","upper",0,2.40217525219054,11,48,0.259736904690336
"289","18-49 years","lower",0,2.42279453939327,11,49,0
"290","18-49 years","mean",0,2.42279453939327,11,49,0.0777228500159544
"291","18-49 years","upper",0,2.42279453939327,11,49,0.255307295692467
"292","50-64 years","lower",0,2.42279453939327,11,49,0
"293","50-64 years","mean",0,2.42279453939327,11,49,0.0777228500159545
"294","50-64 years","upper",0,2.42279453939327,11,49,0.255307295692467
"295","18-49 years","lower",0,2.44299724671079,11,50,0
"296","18-49 years","mean",0,2.44299724671079,11,50,0.072315923494728
"297","18-49 years","upper",0,2.44299724671079,11,50,0.250941472758272
"298","50-64 years","lower",0,2.44299724671079,11,50,0
"299","50-64 years","mean",0,2.44299724671079,11,50,0.0723159234947282
"300","50-64 years","upper",0,2.44299724671079,11,50,0.250941472758272
"301","18-49 years","lower",0,2.46279987400697,11,51,0
"302","18-49 years","mean",0,2.46279987400697,11,51,0.0669853099139158
"303","18-49 years","upper",0,2.46279987400697,11,51,0.246637268709433
"304","50-64 years","lower",0,2.46279987400697,11,51,0
"305","50-64 years","mean",0,2.46279987400697,11,51,0.0669853099139158
"306","50-64 years","upper",0,2.46279987400697,11,51,0.246637268709433
"307","18-49 years","lower",0,2.48221795986407,11,52,0
"308","18-49 years","mean",0,2.48221795986407,11,52,0.0617284669841554
"309","18-49 years","upper",0,2.48221795986407,11,52,0.242392630774349
"310","50-64 years","lower",0,2.48221795986407,11,52,0
"311","50-64 years","mean",0,2.48221795986407,11,52,0.0617284669841555
"312","50-64 years","upper",0,2.48221795986407,11,52,0.242392630774349
"313","18-49 years","lower",0,2.50126615483477,12,53,0
"314","18-49 years","mean",0,2.50126615483477,12,53,0.0565429840609427
"315","18-49 years","upper",0,2.50126615483477,12,53,0.238205612478065
"316","50-64 years","lower",0,2.50126615483477,12,53,0
"317","50-64 years","mean",0,2.50126615483477,12,53,0.0565429840609428
"318","50-64 years","upper",0,2.50126615483477,12,53,0.238205612478065
"319","18-49 years","lower",0,2.51995828784692,12,54,0
"320","18-49 years","mean",0,2.51995828784692,12,54,0.0514265729875465
"321","18-49 years","upper",0,2.51995828784692,12,54,0.23407436624838
"322","50-64 years","lower",0,2.51995828784692,12,54,0
"323","50-64 years","mean",0,2.51995828784692,12,54,0.0514265729875466
"324","50-64 years","upper",0,2.51995828784692,12,54,0.23407436624838
"325","18-49 years","lower",0,2.53830742651512,12,55,0
"326","18-49 years","mean",0,2.53830742651512,12,55,0.0463770597316873
"327","18-49 years","upper",0,2.53830742651512,12,55,0.229997136662883
"328","50-64 years","lower",0,2.53830742651512,12,55,0
"329","50-64 years","mean",0,2.53830742651512,12,55,0.0463770597316873
"330","50-64 years","upper",0,2.53830742651512,12,55,0.229997136662883
"331","18-49 years","lower",0,2.55632593201779,12,56,0
"332","18-49 years","mean",0,2.55632593201779,12,56,0.0413923767340723
"333","18-49 years","upper",0,2.55632593201779,12,56,0.22597225427078
"334","50-64 years","lower",0,2.55632593201779,12,56,0
"335","50-64 years","mean",0,2.55632593201779,12,56,0.0413923767340724
"336","50-64 years","upper",0,2.55632593201779,12,56,0.22597225427078
"337","18-49 years","lower",0,2.5740255091172,13,57,0
"338","18-49 years","mean",0,2.5740255091172,13,57,0.0364705558966333
"339","18-49 years","upper",0,2.5740255091172,13,57,0.221998129931244
"340","50-64 years","lower",0,2.5740255091172,13,57,0
"341","50-64 years","mean",0,2.5740255091172,13,57,0.0364705558966334
"342","50-64 years","upper",0,2.5740255091172,13,57,0.221998129931244
"343","18-49 years","lower",0,2.59141725182906,13,58,0
"344","18-49 years","mean",0,2.59141725182906,13,58,0.0316097221467622
"345","18-49 years","upper",0,2.59141725182906,13,58,0.218073249616857
"346","50-64 years","lower",0,2.59141725182906,13,58,0
"347","50-64 years","mean",0,2.59141725182906,13,58,0.0316097221467622
"348","50-64 years","upper",0,2.59141725182906,13,58,0.218073249616857
"349","18-49 years","lower",0,2.60851168518836,13,59,0
"350","18-49 years","mean",0,2.60851168518836,13,59,0.0268080875211609
"351","18-49 years","upper",0,2.60851168518836,13,59,0.214196169636618
"352","50-64 years","lower",0,2.60851168518836,13,59,0
"353","50-64 years","mean",0,2.60851168518836,13,59,0.026808087521161
"354","50-64 years","upper",0,2.60851168518836,13,59,0.214196169636618
"355","18-49 years","lower",0,2.62531880350475,13,60,0
"356","18-49 years","mean",0,2.62531880350475,13,60,0.0220639457193066
"357","18-49 years","upper",0,2.62531880350475,13,60,0.210365512238131
"358","50-64 years","lower",0,2.62531880350475,13,60,0
"359","50-64 years","mean",0,2.62531880350475,13,60,0.0220639457193067
"360","50-64 years","upper",0,2.62531880350475,13,60,0.210365512238131
"361","18-49 years","lower",0,2.64184810545596,14,61,0
"362","18-49 years","mean",0,2.64184810545596,14,61,0.0173756670820846
"363","18-49 years","upper",0,2.64184810545596,14,61,0.206579961553112
"364","50-64 years","lower",0,2.64184810545596,14,61,0
"365","50-64 years","mean",0,2.64184810545596,14,61,0.0173756670820847
"366","50-64 years","upper",0,2.64184810545596,14,61,0.206579961553112
"367","18-49 years","lower",0,2.65810862632774,14,62,0
"368","18-49 years","mean",0,2.65810862632774,14,62,0.0127416939560123
"369","18-49 years","upper",0,2.65810862632774,14,62,0.202838259854221
"370","50-64 years","lower",0,2.65810862632774,14,62,0
"371","50-64 years","mean",0,2.65810862632774,14,62,0.0127416939560124
"372","50-64 years","upper",0,2.65810862632774,14,62,0.202838259854221
"373","18-49 years","lower",0,2.67410896767418,14,63,0
"374","18-49 years","mean",0,2.67410896767418,14,63,0.00816053640773129
"375","18-49 years","upper",0,2.67410896767418,14,63,0.199139204094738
"376","50-64 years","lower",0,2.67410896767418,14,63,0
"377","50-64 years","mean",0,2.67410896767418,14,63,0.00816053640773129
"378","50-64 years","upper",0,2.67410896767418,14,63,0.199139204094738
"379","18-49 years","lower",0,2.68985732464232,14,64,0
"380","18-49 years","mean",0,2.68985732464232,14,64,0.00363076825719089
"381","18-49 years","upper",0,2.68985732464232,14,64,0.19548164270555
"382","50-64 years","lower",0,2.68985732464232,14,64,0
"383","50-64 years","mean",0,2.68985732464232,14,64,0.003630768257191
"384","50-64 years","upper",0,2.68985732464232,14,64,0.19548164270555
"385","18-49 years","lower",0,2.70536151117828,14,65,0
"386","18-49 years","mean",0,2.70536151117828,14,65,0
"387","18-49 years","upper",0,2.70536151117828,14,65,0.191864472626637
"388","50-64 years","lower",0,2.70536151117828,14,65,0
"389","50-64 years","mean",0,2.70536151117828,14,65,0
"390","50-64 years","upper",0,2.70536151117828,14,65,0.191864472626637
"391","18-49 years","lower",0,2.72062898330907,15,66,0
"392","18-49 years","mean",0,2.72062898330907,15,66,0
"393","18-49 years","upper",0,2.72062898330907,15,66,0.18828663655255
"394","50-64 years","lower",0,2.72062898330907,15,66,0
"395","50-64 years","mean",0,2.72062898330907,15,66,0
"396","50-64 years","upper",0,2.72062898330907,15,66,0.18828663655255
"397","18-49 years","lower",0,2.73566686067361,15,67,0
"398","18-49 years","mean",0,2.73566686067361,15,67,0
"399","18-49 years","upper",0,2.73566686067361,15,67,0.184747120373463
"400","50-64 years","lower",0,2.73566686067361,15,67,0
"401","50-64 years","mean",0,2.73566686067361,15,67,0
"402","50-64 years","upper",0,2.73566686067361,15,67,0.184747120373463
"403","18-49 years","lower",0,2.75048194645875,15,68,0
"404","18-49 years","mean",0,2.75048194645875,15,68,0
"405","18-49 years","upper",0,2.75048194645875,15,68,0.18124495079522
"406","50-64 years","lower",0,2.75048194645875,15,68,0
"407","50-64 years","mean",0,2.75048194645875,15,68,0
"408","50-64 years","upper",0,2.75048194645875,15,68,0.18124495079522
"409","18-49 years","lower",0,2.7650807458799,15,69,0
"410","18-49 years","mean",0,2.7650807458799,15,69,0
"411","18-49 years","upper",0,2.7650807458799,15,69,0.177779193123415
"412","50-64 years","lower",0,2.7650807458799,15,69,0
"413","50-64 years","mean",0,2.7650807458799,15,69,0
"414","50-64 years","upper",0,2.7650807458799,15,69,0.177779193123415
"415","18-49 years","lower",0,2.779469483332,16,70,0
"416","18-49 years","mean",0,2.779469483332,16,70,0
"417","18-49 years","upper",0,2.779469483332,16,70,0.174348949197999
"418","50-64 years","lower",0,2.779469483332,16,70,0
"419","50-64 years","mean",0,2.779469483332,16,70,0
"420","50-64 years","upper",0,2.779469483332,16,70,0.174348949197999
"421","18-49 years","lower",0,2.79365411832396,16,71,0
"422","18-49 years","mean",0,2.79365411832396,16,71,0
"423","18-49 years","upper",0,2.79365411832396,16,71,0.170953355466193
"424","50-64 years","lower",0,2.79365411832396,16,71,0
"425","50-64 years","mean",0,2.79365411832396,16,71,0
"426","50-64 years","upper",0,2.79365411832396,16,71,0.170953355466193
"427","18-49 years","lower",0,2.8076403602987,16,72,0
"428","18-49 years","mean",0,2.8076403602987,16,72,0
"429","18-49 years","upper",0,2.8076403602987,16,72,0.167591581182638
"430","50-64 years","lower",0,2.8076403602987,16,72,0
"431","50-64 years","mean",0,2.8076403602987,16,72,0
"432","50-64 years","upper",0,2.8076403602987,16,72,0.167591581182638
"433","18-49 years","lower",0,2.82143368243104,16,73,0
"434","18-49 years","mean",0,2.82143368243104,16,73,0
"435","18-49 years","upper",0,2.82143368243104,16,73,0.164262826726738
"436","50-64 years","lower",0,2.82143368243104,16,73,0
"437","50-64 years","mean",0,2.82143368243104,16,73,0
"438","50-64 years","upper",0,2.82143368243104,16,73,0.164262826726738
"439","18-49 years","lower",0,2.83503933448681,17,74,0
"440","18-49 years","mean",0,2.83503933448681,17,74,0
"441","18-49 years","upper",0,2.83503933448681,17,74,0.160966322028071
"442","50-64 years","lower",0,2.83503933448681,17,74,0
"443","50-64 years","mean",0,2.83503933448681,17,74,0
"444","50-64 years","upper",0,2.83503933448681,17,74,0.160966322028071
"445","18-49 years","lower",0,2.84846235481896,17,75,0
"446","18-49 years","mean",0,2.84846235481896,17,75,0
"447","18-49 years","upper",0,2.84846235481896,17,75,0.157701325091563
"448","50-64 years","lower",0,2.84846235481896,17,75,0
"449","50-64 years","mean",0,2.84846235481896,17,75,0
"450","50-64 years","upper",0,2.84846235481896,17,75,0.157701325091563
"451","18-49 years","lower",0,2.86170758156898,17,76,0
"452","18-49 years","mean",0,2.86170758156898,17,76,0
"453","18-49 years","upper",0,2.86170758156898,17,76,0.154467120614875
"454","50-64 years","lower",0,2.86170758156898,17,76,0
"455","50-64 years","mean",0,2.86170758156898,17,76,0
"456","50-64 years","upper",0,2.86170758156898,17,76,0.154467120614875
"457","18-49 years","lower",0,2.87477966313633,17,77,0
"458","18-49 years","mean",0,2.87477966313633,17,77,0
"459","18-49 years","upper",0,2.87477966313633,17,77,0.151263018691092
"460","50-64 years","lower",0,2.87477966313633,17,77,0
"461","50-64 years","mean",0,2.87477966313633,17,77,0
"462","50-64 years","upper",0,2.87477966313633,17,77,0.151263018691092
"463","18-49 years","lower",0,2.88768306797224,17,78,0
"464","18-49 years","mean",0,2.88768306797224,17,78,0
"465","18-49 years","upper",0,2.88768306797224,17,78,0.148088353590423
"466","50-64 years","lower",0,2.88768306797224,17,78,0
"467","50-64 years","mean",0,2.88768306797224,17,78,0
"468","50-64 years","upper",0,2.88768306797224,17,78,0.148088353590423
"469","18-49 years","lower",0,2.90042209374967,18,79,0
"470","18-49 years","mean",0,2.90042209374967,18,79,0
"471","18-49 years","upper",0,2.90042209374967,18,79,0.144942482615155
"472","50-64 years","lower",0,2.90042209374967,18,79,0
"473","50-64 years","mean",0,2.90042209374967,18,79,0
"474","50-64 years","upper",0,2.90042209374967,18,79,0.144942482615155
"475","18-49 years","lower",0,2.91300087595653,18,80,0
"476","18-49 years","mean",0,2.91300087595653,18,80,0
"477","18-49 years","upper",0,2.91300087595653,18,80,0.141824785022578
"478","50-64 years","lower",0,2.91300087595653,18,80,0
"479","50-64 years","mean",0,2.91300087595653,18,80,0
"480","50-64 years","upper",0,2.91300087595653,18,80,0.141824785022578
"481","18-49 years","lower",0,2.92542339595508,18,81,0
"482","18-49 years","mean",0,2.92542339595508,18,81,0
"483","18-49 years","upper",0,2.92542339595508,18,81,0.138734661011071
"484","50-64 years","lower",0,2.92542339595508,18,81,0
"485","50-64 years","mean",0,2.92542339595508,18,81,0
"486","50-64 years","upper",0,2.92542339595508,18,81,0.138734661011071
"487","18-49 years","lower",0,2.9376934885469,18,82,0
"488","18-49 years","mean",0,2.9376934885469,18,82,0
"489","18-49 years","upper",0,2.9376934885469,18,82,0.135671530764884
"490","50-64 years","lower",0,2.9376934885469,18,82,0
"491","50-64 years","mean",0,2.9376934885469,18,82,0
"492","50-64 years","upper",0,2.9376934885469,18,82,0.135671530764884
"493","18-49 years","lower",0,2.94981484907924,19,83,0
"494","18-49 years","mean",0,2.94981484907924,19,83,0
"495","18-49 years","upper",0,2.94981484907924,19,83,0.132634833553579
"496","50-64 years","lower",0,2.94981484907924,19,83,0
"497","50-64 years","mean",0,2.94981484907924,19,83,0
"498","50-64 years","upper",0,2.94981484907924,19,83,0.132634833553579
"499","18-49 years","lower",0,2.96179104012596,19,84,0
"500","18-49 years","mean",0,2.96179104012596,19,84,0
"501","18-49 years","upper",0,2.96179104012596,19,84,0.129624026882358
"502","50-64 years","lower",0,2.96179104012596,19,84,0
"503","50-64 years","mean",0,2.96179104012596,19,84,0
"504","50-64 years","upper",0,2.96179104012596,19,84,0.129624026882358
"505","18-49 years","lower",0,2.97362549777296,19,85,0
"506","18-49 years","mean",0,2.97362549777296,19,85,0
"507","18-49 years","upper",0,2.97362549777296,19,85,0.126638585689847
"508","50-64 years","lower",0,2.97362549777296,19,85,0
"509","50-64 years","mean",0,2.97362549777296,19,85,0
"510","50-64 years","upper",0,2.97362549777296,19,85,0.126638585689847
"511","18-49 years","lower",0,2.98532153753615,19,86,0
"512","18-49 years","mean",0,2.98532153753615,19,86,0
"513","18-49 years","upper",0,2.98532153753615,19,86,0.123678001590161
"514","50-64 years","lower",0,2.98532153753615,19,86,0
"515","50-64 years","mean",0,2.98532153753615,19,86,0
"516","50-64 years","upper",0,2.98532153753615,19,86,0.123678001590161
"517","18-49 years","lower",0,2.99688235993723,20,87,0
"518","18-49 years","mean",0,2.99688235993723,20,87,0
"519","18-49 years","upper",0,2.99688235993723,20,87,0.120741782156309
"520","50-64 years","lower",0,2.99688235993723,20,87,0
"521","50-64 years","mean",0,2.99688235993723,20,87,0
"522","50-64 years","upper",0,2.99688235993723,20,87,0.120741782156309
"523","18-49 years","lower",0,3.00831105576085,20,88,0
"524","18-49 years","mean",0,3.00831105576085,20,88,0
"525","18-49 years","upper",0,3.00831105576085,20,88,0.117829450242257
"526","50-64 years","lower",0,3.00831105576085,20,88,0
"527","50-64 years","mean",0,3.00831105576085,20,88,0
"528","50-64 years","upper",0,3.00831105576085,20,88,0.117829450242257
"529","18-49 years","lower",0,3.01961061101478,20,89,0
"530","18-49 years","mean",0,3.01961061101478,20,89,0
"531","18-49 years","upper",0,3.01961061101478,20,89,0.114940543341122
"532","50-64 years","lower",0,3.01961061101478,20,89,0
"533","50-64 years","mean",0,3.01961061101478,20,89,0
"534","50-64 years","upper",0,3.01961061101478,20,89,0.114940543341122
"535","18-49 years","lower",0,3.03078391161291,20,90,0
"536","18-49 years","mean",0,3.03078391161291,20,90,0
"537","18-49 years","upper",0,3.03078391161291,20,90,0.11207461297722
"538","50-64 years","lower",0,3.03078391161291,20,90,0
"539","50-64 years","mean",0,3.03078391161291,20,90,0
"540","50-64 years","upper",0,3.03078391161291,20,90,0.112074612977221
"541","18-49 years","lower",0,3.0418337477995,20,91,0
"542","18-49 years","mean",0,3.0418337477995,20,91,0
"543","18-49 years","upper",0,3.0418337477995,20,91,0.109231224129803
"544","50-64 years","lower",0,3.0418337477995,20,91,0
"545","50-64 years","mean",0,3.0418337477995,20,91,0
"546","50-64 years","upper",0,3.0418337477995,20,91,0.109231224129803
"547","18-49 years","lower",0,3.05276281833169,21,92,0
"548","18-49 years","mean",0,3.05276281833169,21,92,0
"549","18-49 years","upper",0,3.05276281833169,21,92,0.10640995468651
"550","50-64 years","lower",0,3.05276281833169,21,92,0
"551","50-64 years","mean",0,3.05276281833169,21,92,0
"552","50-64 years","upper",0,3.05276281833169,21,92,0.10640995468651
"553","18-49 years","lower",0,3.0635737344359,21,93,0
"554","18-49 years","mean",0,3.0635737344359,21,93,0
"555","18-49 years","upper",0,3.0635737344359,21,93,0.103610394924706
"556","50-64 years","lower",0,3.0635737344359,21,93,0
"557","50-64 years","mean",0,3.0635737344359,21,93,0
"558","50-64 years","upper",0,3.0635737344359,21,93,0.103610394924706
"559","18-49 years","lower",0,3.07426902355265,21,94,0
"560","18-49 years","mean",0,3.07426902355265,21,94,0
"561","18-49 years","upper",0,3.07426902355265,21,94,0.10083214701899
"562","50-64 years","lower",0,3.07426902355265,21,94,0
"563","50-64 years","mean",0,3.07426902355265,21,94,0
"564","50-64 years","upper",0,3.07426902355265,21,94,0.10083214701899
"565","18-49 years","lower",0,3.08485113288319,21,95,0
"566","18-49 years","mean",0,3.08485113288319,21,95,0
"567","18-49 years","upper",0,3.08485113288319,21,95,0.098074824573287
"568","50-64 years","lower",0,3.08485113288319,21,95,0
"569","50-64 years","mean",0,3.08485113288319,21,95,0
"570","50-64 years","upper",0,3.08485113288319,21,95,0.0980748245732871
"571","18-49 years","lower",0,3.09532243275048,22,96,0
"572","18-49 years","mean",0,3.09532243275048,22,96,0
"573","18-49 years","upper",0,3.09532243275048,22,96,0.0953380521760673
"574","50-64 years","lower",0,3.09532243275048,22,96,0
"575","50-64 years","mean",0,3.09532243275048,22,96,0
"576","50-64 years","upper",0,3.09532243275048,22,96,0.0953380521760674
"577","18-49 years","lower",0,3.10568521978603,22,97,0
"578","18-49 years","mean",0,3.10568521978603,22,97,0
"579","18-49 years","upper",0,3.10568521978603,22,97,0.0926214649773033
"580","50-64 years","lower",0,3.10568521978603,22,97,0
"581","50-64 years","mean",0,3.10568521978603,22,97,0
"582","50-64 years","upper",0,3.10568521978603,22,97,0.0926214649773034
"583","18-49 years","lower",0,3.11594171995322,22,98,0
"584","18-49 years","mean",0,3.11594171995322,22,98,0
"585","18-49 years","upper",0,3.11594171995322,22,98,0.089924708285901
"586","50-64 years","lower",0,3.11594171995322,22,98,0
"587","50-64 years","mean",0,3.11594171995322,22,98,0
"588","50-64 years","upper",0,3.11594171995322,22,98,0.0899247082859012
"589","18-49 years","lower",0,3.12609409141723,22,99,0
"590","18-49 years","mean",0,3.12609409141723,22,99,0
"591","18-49 years","upper",0,3.12609409141723,22,99,0.0872474371864131
"592","50-64 years","lower",0,3.12609409141723,22,99,0
"593","50-64 years","mean",0,3.12609409141723,22,99,0
"594","50-64 years","upper",0,3.12609409141723,22,99,0.0872474371864133
"595","18-49 years","lower",0,3.13614442727074,23,100,0
"596","18-49 years","mean",0,3.13614442727074,23,100,0
"597","18-49 years","upper",0,3.13614442727074,23,100,0.0845893161739238
"598","50-64 years","lower",0,3.13614442727074,23,100,0
"599","50-64 years","mean",0,3.13614442727074,23,100,0
"600","50-64 years","upper",0,3.13614442727074,23,100,0.084589316173924
"601","18-49 years","lower",0,3.1460947581239,23,101,0
"602","18-49 years","mean",0,3.1460947581239,23,101,0
"603","18-49 years","upper",0,3.1460947581239,23,101,0.0819500188060764
"604","50-64 years","lower",0,3.1460947581239,23,101,0
"605","50-64 years","mean",0,3.1460947581239,23,101,0
"606","50-64 years","upper",0,3.1460947581239,23,101,0.0819500188060766
"607","18-49 years","lower",0,3.15594705456692,23,102,0
"608","18-49 years","mean",0,3.15594705456692,23,102,0
"609","18-49 years","upper",0,3.15594705456692,23,102,0.0793292273712717
"610","50-64 years","lower",0,3.15594705456692,23,102,0
"611","50-64 years","mean",0,3.15594705456692,23,102,0
"612","50-64 years","upper",0,3.15594705456692,23,102,0.0793292273712718
"613","18-49 years","lower",0,3.16570322951228,23,103,0
"614","18-49 years","mean",0,3.16570322951228,23,103,0
"615","18-49 years","upper",0,3.16570322951228,23,103,0.076726632572139
"616","50-64 years","lower",0,3.16570322951228,23,103,0
"617","50-64 years","mean",0,3.16570322951228,23,103,0
"618","50-64 years","upper",0,3.16570322951228,23,103,0.0767266325721391
"619","18-49 years","lower",0,3.17536514042402,23,104,0
"620","18-49 years","mean",0,3.17536514042402,23,104,0
"621","18-49 years","upper",0,3.17536514042402,23,104,0.0741419332234339
"622","50-64 years","lower",0,3.17536514042402,23,104,0
"623","50-64 years","mean",0,3.17536514042402,23,104,0
"624","50-64 years","upper",0,3.17536514042402,23,104,0.0741419332234339
"625","65-74 years","lower",0,-1.46902575871736,0,1,0.652462720348927
"626","65-74 years","mean",0,-1.46902575871736,0,1,0.700898245018099
"627","65-74 years","upper",0,-1.46902575871736,0,1,0.7584902815987
"628","65-74 years","lower",0,-0.77587857815741,0,2,0.575281066498324
"629","65-74 years","mean",0,-0.77587857815741,0,2,0.634473232592674
"630","65-74 years","upper",0,-0.77587857815741,0,2,0.704855403907534
"631","65-74 years","lower",0,-0.370413470049246,0,3,0.522413560640849
"632","65-74 years","mean",0,-0.370413470049246,0,3,0.588973757545385
"633","65-74 years","upper",0,-0.370413470049246,0,3,0.66811685181598
"634","65-74 years","lower",0,-0.0827313975974646,0,4,0.480958783311221
"635","65-74 years","mean",0,-0.0827313975974646,0,4,0.55329644354867
"636","65-74 years","upper",0,-0.0827313975974646,0,4,0.639309203872948
"637","65-74 years","lower",0,0.140412153716745,1,5,0.446341648173218
"638","65-74 years","mean",0,0.140412153716745,1,5,0.52350382422847
"639","65-74 years","upper",0,0.140412153716745,1,5,0.615253152771228
"640","65-74 years","lower",0,0.3227337105107,1,6,0.416350374316296
"641","65-74 years","mean",0,0.3227337105107,1,6,0.497692369832111
"642","65-74 years","upper",0,0.3227337105107,1,6,0.594411693371668
"643","65-74 years","lower",0,0.476884390337958,1,7,0.389729128838063
"644","65-74 years","mean",0,0.476884390337958,1,7,0.474781270193138
"645","65-74 years","upper",0,0.476884390337958,1,7,0.575912125482448
"646","65-74 years","lower",0,0.610415782962481,1,8,0.365689251475989
"647","65-74 years","mean",0,0.610415782962481,1,8,0.454091778936933
"648","65-74 years","upper",0,0.610415782962481,1,8,0.559206395328994
"649","65-74 years","lower",0,0.728198818618864,2,9,0.343699739812796
"650","65-74 years","mean",0,0.728198818618864,2,9,0.435166898313308
"651","65-74 years","upper",0,0.728198818618864,2,9,0.543925500068227
"652","65-74 years","lower",0,0.83355933427669,2,10,0.323384285713877
"653","65-74 years","mean",0,0.83355933427669,2,10,0.417682765444623
"654","65-74 years","upper",0,0.83355933427669,2,10,0.529807936612731
"655","65-74 years","lower",0,0.928869514081015,2,11,0.304465514466972
"656","65-74 years","mean",0,0.928869514081015,2,11,0.401400662736873
"657","65-74 years","upper",0,0.928869514081015,2,11,0.516660952436167
"658","65-74 years","lower",0,1.01588089107064,2,12,0.286732500156778
"659","65-74 years","mean",0,1.01588089107064,2,12,0.386139060566817
"660","65-74 years","upper",0,1.01588089107064,2,12,0.504337971440399
"661","65-74 years","lower",0,1.09592359874418,2,13,0.270020729745642
"662","65-74 years","mean",0,1.09592359874418,2,13,0.371756373725729
"663","65-74 years","upper",0,1.09592359874418,2,13,0.492724670645639
"664","65-74 years","lower",0,1.1700315708979,3,14,0.254199164454338
"665","65-74 years","mean",0,1.1700315708979,3,14,0.358139826027763
"666","65-74 years","upper",0,1.1700315708979,3,14,0.481729988918237
"667","65-74 years","lower",0,1.23902444238485,3,15,0.239161562362789
"668","65-74 years","mean",0,1.23902444238485,3,15,0.345197982261196
"669","65-74 years","upper",0,1.23902444238485,3,15,0.471280096894546
"670","65-74 years","lower",0,1.30356296352243,3,16,0.224820471368571
"671","65-74 years","mean",0,1.30356296352243,3,16,0.332855578335401
"672","65-74 years","upper",0,1.30356296352243,3,16,0.461314222582995
"673","65-74 years","lower",0,1.36418758533886,3,17,0.211102957002045
"674","65-74 years","mean",0,1.36418758533886,3,17,0.321049844501216
"675","65-74 years","upper",0,1.36418758533886,3,17,0.451781682548292
"676","65-74 years","lower",0,1.42134599917881,4,18,0.197947492587156
"677","65-74 years","mean",0,1.42134599917881,4,18,0.30972782892336
"678","65-74 years","upper",0,1.42134599917881,4,18,0.442639720829918
"679","65-74 years","lower",0,1.47541322044909,4,19,0.185301649190028
"680","65-74 years","mean",0,1.47541322044909,4,19,0.298844409575931
"681","65-74 years","upper",0,1.47541322044909,4,19,0.433851903647101
"682","65-74 years","lower",0,1.52670651483664,4,20,0.173120348842583
"683","65-74 years","mean",0,1.52670651483664,4,20,0.288360790910502
"684","65-74 years","upper",0,1.52670651483664,4,20,0.42538690553344
"685","65-74 years","lower",0,1.57549667900607,4,21,0.161364522691035
"686","65-74 years","mean",0,1.57549667900607,4,21,0.278243349015577
"687","65-74 years","upper",0,1.57549667900607,4,21,0.417217576860886
"688","65-74 years","lower",0,1.62201669464096,5,22,0.150000065587747
"689","65-74 years","mean",0,1.62201669464096,5,22,0.268462731904736
"690","65-74 years","upper",0,1.62201669464096,5,22,0.409320217367382
"691","65-74 years","lower",0,1.66646845721179,5,23,0.138997011273509
"692","65-74 years","mean",0,1.66646845721179,5,23,0.258993149651995
"693","65-74 years","upper",0,1.66646845721179,5,23,0.401674002976644
"694","65-74 years","lower",0,1.70902807163059,5,24,0.12832887413123
"695","65-74 years","mean",0,1.70902807163059,5,24,0.249811807883864
"696","65-74 years","upper",0,1.70902807163059,5,24,0.394260528371316
"697","65-74 years","lower",0,1.74985006615085,5,25,0.117972118400328
"698","65-74 years","mean",0,1.74985006615085,5,25,0.240898450968192
"699","65-74 years","upper",0,1.74985006615085,5,25,0.387063438140787
"700","65-74 years","lower",0,1.78907077930413,5,26,0.107905726107891
"701","65-74 years","mean",0,1.78907077930413,5,26,0.232234990161837
"702","65-74 years","upper",0,1.78907077930413,5,26,0.380068126529025
"703","65-74 years","lower",0,1.82681110728697,6,27,0.0981108423016238
"704","65-74 years","mean",0,1.82681110728697,6,27,0.223805198286734
"705","65-74 years","upper",0,1.82681110728697,6,27,0.373261490900755
"706","65-74 years","lower",0,1.86317875145785,6,28,0.0885704814296896
"707","65-74 years","mean",0,1.86317875145785,6,28,0.215594457030943
"708","65-74 years","upper",0,1.86317875145785,6,28,0.366631727699694
"709","65-74 years","lower",0,1.89827007126912,6,29,0.0792692825403312
"710","65-74 years","mean",0,1.89827007126912,6,29,0.207589546265583
"711","65-74 years","upper",0,1.89827007126912,6,29,0.360168162332494
"712","65-74 years","lower",0,1.9321716229448,6,30,0.0701933037952278
"713","65-74 years","mean",0,1.9321716229448,6,30,0.199778467196413
"714","65-74 years","upper",0,1.9321716229448,6,30,0.353861106372492
"715","65-74 years","lower",0,1.96496144576779,7,31,0.0613298488941879
"716","65-74 years","mean",0,1.96496144576779,7,31,0.192150292979346
"717","65-74 years","upper",0,1.96496144576779,7,31,0.347701736939199
"718","65-74 years","lower",0,1.99671014408237,7,32,0.0526673195945403
"719","65-74 years","mean",0,1.99671014408237,7,32,0.184695041793896
"720","65-74 years","upper",0,1.99671014408237,7,32,0.341681994211451
"721","65-74 years","lower",0,2.02748180274912,7,33,0.0441950897160606
"722","65-74 years","mean",0,2.02748180274912,7,33,0.177403568407767
"723","65-74 years","upper",0,2.02748180274912,7,33,0.335794493871237
"724","65-74 years","lower",0,2.05733476589881,7,34,0.0359033969503441
"725","65-74 years","mean",0,2.05733476589881,7,34,0.170267471064522
"726","65-74 years","upper",0,2.05733476589881,7,34,0.330032451920143
"727","65-74 years","lower",0,2.08632230277206,8,35,0.0277832495131309
"728","65-74 years","mean",0,2.08632230277206,8,35,0.163279011145573
"729","65-74 years","upper",0,2.08632230277206,8,35,0.324389619810428
"730","65-74 years","lower",0,2.11449317973875,8,36,0.0198263452406096
"731","65-74 years","mean",0,2.11449317973875,8,36,0.156431043541857
"732","65-74 years","upper",0,2.11449317973875,8,36,0.318860228223625
"733","65-74 years","lower",0,2.14189215392687,8,37,0.0120250011738517
"734","65-74 years","mean",0,2.14189215392687,8,37,0.14971695605194
"735","65-74 years","upper",0,2.14189215392687,8,37,0.313438938137549
"736","65-74 years","lower",0,2.16856040100903,8,38,0.00437209202711353
"737","65-74 years","mean",0,2.16856040100903,8,38,0.143130616425859
"738","65-74 years","upper",0,2.16856040100903,8,38,0.308120798066834
"739","65-74 years","lower",0,2.19453588741229,8,39,0
"740","65-74 years","mean",0,2.19453588741229,8,39,0.136666325915737
"741","65-74 years","upper",0,2.19453588741229,8,39,0.302901206557389
"742","65-74 years","lower",0,2.21985369539658,9,40,0
"743","65-74 years","mean",0,2.21985369539658,9,40,0.130318778388541
"744","65-74 years","upper",0,2.21985369539658,9,40,0.297775879171983
"745","65-74 years","lower",0,2.24454630798695,9,41,0
"746","65-74 years","mean",0,2.24454630798695,9,41,0.124083024213494
"747","65-74 years","upper",0,2.24454630798695,9,41,0.292740819331139
"748","65-74 years","lower",0,2.26864385956601,9,42,0
"749","65-74 years","mean",0,2.26864385956601,9,42,0.117954438264535
"750","65-74 years","upper",0,2.26864385956601,9,42,0.287792292476721
"751","65-74 years","lower",0,2.29217435697621,9,43,0
"752","65-74 years","mean",0,2.29217435697621,9,43,0.111928691482759
"753","65-74 years","upper",0,2.29217435697621,9,43,0.282926803110026
"754","65-74 years","lower",0,2.31516387520091,10,44,0
"755","65-74 years","mean",0,2.31516387520091,10,44,0.106001725529732
"756","65-74 years","upper",0,2.31516387520091,10,44,0.278141074325599
"757","65-74 years","lower",0,2.33763673105296,10,45,0
"758","65-74 years","mean",0,2.33763673105296,10,45,0.10016973013359
"759","65-74 years","upper",0,2.33763673105296,10,45,0.273432029519341
"760","65-74 years","lower",0,2.35961563777174,10,46,0
"761","65-74 years","mean",0,2.35961563777174,10,46,0.0944291227887293
"762","65-74 years","upper",0,2.35961563777174,10,46,0.268796775997029
"763","65-74 years","lower",0,2.3811218429927,10,47,0
"764","65-74 years","mean",0,2.3811218429927,10,47,0.0887765305190606
"765","65-74 years","upper",0,2.3811218429927,10,47,0.264232590249046
"766","65-74 years","lower",0,2.40217525219054,11,48,0
"767","65-74 years","mean",0,2.40217525219054,11,48,0.083208773455874
"768","65-74 years","upper",0,2.40217525219054,11,48,0.259736904690336
"769","65-74 years","lower",0,2.42279453939327,11,49,0
"770","65-74 years","mean",0,2.42279453939327,11,49,0.0777228500159545
"771","65-74 years","upper",0,2.42279453939327,11,49,0.255307295692467
"772","65-74 years","lower",0,2.44299724671079,11,50,0
"773","65-74 years","mean",0,2.44299724671079,11,50,0.0723159234947282
"774","65-74 years","upper",0,2.44299724671079,11,50,0.250941472758272
"775","65-74 years","lower",0,2.46279987400697,11,51,0
"776","65-74 years","mean",0,2.46279987400697,11,51,0.0669853099139158
"777","65-74 years","upper",0,2.46279987400697,11,51,0.246637268709433
"778","65-74 years","lower",0,2.48221795986407,11,52,0
"779","65-74 years","mean",0,2.48221795986407,11,52,0.0617284669841555
"780","65-74 years","upper",0,2.48221795986407,11,52,0.242392630774349
"781","65-74 years","lower",0,2.50126615483477,12,53,0
"782","65-74 years","mean",0,2.50126615483477,12,53,0.0565429840609428
"783","65-74 years","upper",0,2.50126615483477,12,53,0.238205612478065
"784","65-74 years","lower",0,2.51995828784692,12,54,0
"785","65-74 years","mean",0,2.51995828784692,12,54,0.0514265729875466
"786","65-74 years","upper",0,2.51995828784692,12,54,0.23407436624838
"787","65-74 years","lower",0,2.53830742651512,12,55,0
"788","65-74 years","mean",0,2.53830742651512,12,55,0.0463770597316873
"789","65-74 years","upper",0,2.53830742651512,12,55,0.229997136662883
"790","65-74 years","lower",0,2.55632593201779,12,56,0
"791","65-74 years","mean",0,2.55632593201779,12,56,0.0413923767340724
"792","65-74 years","upper",0,2.55632593201779,12,56,0.22597225427078
"793","65-74 years","lower",0,2.5740255091172,13,57,0
"794","65-74 years","mean",0,2.5740255091172,13,57,0.0364705558966334
"795","65-74 years","upper",0,2.5740255091172,13,57,0.221998129931244
"796","65-74 years","lower",0,2.59141725182906,13,58,0
"797","65-74 years","mean",0,2.59141725182906,13,58,0.0316097221467622
"798","65-74 years","upper",0,2.59141725182906,13,58,0.218073249616858
"799","65-74 years","lower",0,2.60851168518836,13,59,0
"800","65-74 years","mean",0,2.60851168518836,13,59,0.026808087521161
"801","65-74 years","upper",0,2.60851168518836,13,59,0.214196169636618
"802","65-74 years","lower",0,2.62531880350475,13,60,0
"803","65-74 years","mean",0,2.62531880350475,13,60,0.0220639457193067
"804","65-74 years","upper",0,2.62531880350475,13,60,0.210365512238131
"805","65-74 years","lower",0,2.64184810545596,14,61,0
"806","65-74 years","mean",0,2.64184810545596,14,61,0.0173756670820847
"807","65-74 years","upper",0,2.64184810545596,14,61,0.206579961553112
"808","65-74 years","lower",0,2.65810862632774,14,62,0
"809","65-74 years","mean",0,2.65810862632774,14,62,0.0127416939560124
"810","65-74 years","upper",0,2.65810862632774,14,62,0.202838259854221
"811","65-74 years","lower",0,2.67410896767418,14,63,0
"812","65-74 years","mean",0,2.67410896767418,14,63,0.00816053640773129
"813","65-74 years","upper",0,2.67410896767418,14,63,0.199139204094738
"814","65-74 years","lower",0,2.68985732464232,14,64,0
"815","65-74 years","mean",0,2.68985732464232,14,64,0.003630768257191
"816","65-74 years","upper",0,2.68985732464232,14,64,0.19548164270555
"817","65-74 years","lower",0,2.70536151117828,14,65,0
"818","65-74 years","mean",0,2.70536151117828,14,65,0
"819","65-74 years","upper",0,2.70536151117828,14,65,0.191864472626637
"820","65-74 years","lower",0,2.72062898330907,15,66,0
"821","65-74 years","mean",0,2.72062898330907,15,66,0
"822","65-74 years","upper",0,2.72062898330907,15,66,0.18828663655255
"823","65-74 years","lower",0,2.73566686067361,15,67,0
"824","65-74 years","mean",0,2.73566686067361,15,67,0
"825","65-74 years","upper",0,2.73566686067361,15,67,0.184747120373463
"826","65-74 years","lower",0,2.75048194645875,15,68,0
"827","65-74 years","mean",0,2.75048194645875,15,68,0
"828","65-74 years","upper",0,2.75048194645875,15,68,0.18124495079522
"829","65-74 years","lower",0,2.7650807458799,15,69,0
"830","65-74 years","mean",0,2.7650807458799,15,69,0
"831","65-74 years","upper",0,2.7650807458799,15,69,0.177779193123415
"832","65-74 years","lower",0,2.779469483332,16,70,0
"833","65-74 years","mean",0,2.779469483332,16,70,0
"834","65-74 years","upper",0,2.779469483332,16,70,0.174348949197999
"835","65-74 years","lower",0,2.79365411832396,16,71,0
"836","65-74 years","mean",0,2.79365411832396,16,71,0
"837","65-74 years","upper",0,2.79365411832396,16,71,0.170953355466193
"838","65-74 years","lower",0,2.8076403602987,16,72,0
"839","65-74 years","mean",0,2.8076403602987,16,72,0
"840","65-74 years","upper",0,2.8076403602987,16,72,0.167591581182638
"841","65-74 years","lower",0,2.82143368243104,16,73,0
"842","65-74 years","mean",0,2.82143368243104,16,73,0
"843","65-74 years","upper",0,2.82143368243104,16,73,0.164262826726738
"844","65-74 years","lower",0,2.83503933448681,17,74,0
"845","65-74 years","mean",0,2.83503933448681,17,74,0
"846","65-74 years","upper",0,2.83503933448681,17,74,0.160966322028071
"847","65-74 years","lower",0,2.84846235481896,17,75,0
"848","65-74 years","mean",0,2.84846235481896,17,75,0
"849","65-74 years","upper",0,2.84846235481896,17,75,0.157701325091563
"850","65-74 years","lower",0,2.86170758156898,17,76,0
"851","65-74 years","mean",0,2.86170758156898,17,76,0
"852","65-74 years","upper",0,2.86170758156898,17,76,0.154467120614875
"853","65-74 years","lower",0,2.87477966313633,17,77,0
"854","65-74 years","mean",0,2.87477966313633,17,77,0
"855","65-74 years","upper",0,2.87477966313633,17,77,0.151263018691092
"856","65-74 years","lower",0,2.88768306797224,17,78,0
"857","65-74 years","mean",0,2.88768306797224,17,78,0
"858","65-74 years","upper",0,2.88768306797224,17,78,0.148088353590423
"859","65-74 years","lower",0,2.90042209374967,18,79,0
"860","65-74 years","mean",0,2.90042209374967,18,79,0
"861","65-74 years","upper",0,2.90042209374967,18,79,0.144942482615155
"862","65-74 years","lower",0,2.91300087595653,18,80,0
"863","65-74 years","mean",0,2.91300087595653,18,80,0
"864","65-74 years","upper",0,2.91300087595653,18,80,0.141824785022578
"865","65-74 years","lower",0,2.92542339595508,18,81,0
"866","65-74 years","mean",0,2.92542339595508,18,81,0
"867","65-74 years","upper",0,2.92542339595508,18,81,0.138734661011071
"868","65-74 years","lower",0,2.9376934885469,18,82,0
"869","65-74 years","mean",0,2.9376934885469,18,82,0
"870","65-74 years","upper",0,2.9376934885469,18,82,0.135671530764884
"871","65-74 years","lower",0,2.94981484907924,19,83,0
"872","65-74 years","mean",0,2.94981484907924,19,83,0
"873","65-74 years","upper",0,2.94981484907924,19,83,0.132634833553579
"874","65-74 years","lower",0,2.96179104012596,19,84,0
"875","65-74 years","mean",0,2.96179104012596,19,84,0
"876","65-74 years","upper",0,2.96179104012596,19,84,0.129624026882358
"877","65-74 years","lower",0,2.97362549777296,19,85,0
"878","65-74 years","mean",0,2.97362549777296,19,85,0
"879","65-74 years","upper",0,2.97362549777296,19,85,0.126638585689847
"880","65-74 years","lower",0,2.98532153753615,19,86,0
"881","65-74 years","mean",0,2.98532153753615,19,86,0
"882","65-74 years","upper",0,2.98532153753615,19,86,0.123678001590161
"883","65-74 years","lower",0,2.99688235993723,20,87,0
"884","65-74 years","mean",0,2.99688235993723,20,87,0
"885","65-74 years","upper",0,2.99688235993723,20,87,0.120741782156309
"886","65-74 years","lower",0,3.00831105576085,20,88,0
"887","65-74 years","mean",0,3.00831105576085,20,88,0
"888","65-74 years","upper",0,3.00831105576085,20,88,0.117829450242257
"889","65-74 years","lower",0,3.01961061101478,20,89,0
"890","65-74 years","mean",0,3.01961061101478,20,89,0
"891","65-74 years","upper",0,3.01961061101478,20,89,0.114940543341122
"892","65-74 years","lower",0,3.03078391161291,20,90,0
"893","65-74 years","mean",0,3.03078391161291,20,90,0
"894","65-74 years","upper",0,3.03078391161291,20,90,0.112074612977221
"895","65-74 years","lower",0,3.0418337477995,20,91,0
"896","65-74 years","mean",0,3.0418337477995,20,91,0
"897","65-74 years","upper",0,3.0418337477995,20,91,0.109231224129803
"898","65-74 years","lower",0,3.05276281833169,21,92,0
"899","65-74 years","mean",0,3.05276281833169,21,92,0
"900","65-74 years","upper",0,3.05276281833169,21,92,0.10640995468651
"901","65-74 years","lower",0,3.0635737344359,21,93,0
"902","65-74 years","mean",0,3.0635737344359,21,93,0
"903","65-74 years","upper",0,3.0635737344359,21,93,0.103610394924706
"904","65-74 years","lower",0,3.07426902355265,21,94,0
"905","65-74 years","mean",0,3.07426902355265,21,94,0
"906","65-74 years","upper",0,3.07426902355265,21,94,0.10083214701899
"907","65-74 years","lower",0,3.08485113288319,21,95,0
"908","65-74 years","mean",0,3.08485113288319,21,95,0
"909","65-74 years","upper",0,3.08485113288319,21,95,0.0980748245732871
"910","65-74 years","lower",0,3.09532243275048,22,96,0
"911","65-74 years","mean",0,3.09532243275048,22,96,0
"912","65-74 years","upper",0,3.09532243275048,22,96,0.0953380521760674
"913","65-74 years","lower",0,3.10568521978603,22,97,0
"914","65-74 years","mean",0,3.10568521978603,22,97,0
"915","65-74 years","upper",0,3.10568521978603,22,97,0.0926214649773034
"916","65-74 years","lower",0,3.11594171995322,22,98,0
"917","65-74 years","mean",0,3.11594171995322,22,98,0
"918","65-74 years","upper",0,3.11594171995322,22,98,0.0899247082859012
"919","65-74 years","lower",0,3.12609409141723,22,99,0
"920","65-74 years","mean",0,3.12609409141723,22,99,0
"921","65-74 years","upper",0,3.12609409141723,22,99,0.0872474371864133
"922","65-74 years","lower",0,3.13614442727074,23,100,0
"923","65-74 years","mean",0,3.13614442727074,23,100,0
"924","65-74 years","upper",0,3.13614442727074,23,100,0.084589316173924
"925","65-74 years","lower",0,3.1460947581239,23,101,0
"926","65-74 years","mean",0,3.1460947581239,23,101,0
"927","65-74 years","upper",0,3.1460947581239,23,101,0.0819500188060766
"928","65-74 years","lower",0,3.15594705456692,23,102,0
"929","65-74 years","mean",0,3.15594705456692,23,102,0
"930","65-74 years","upper",0,3.15594705456692,23,102,0.0793292273712718
"931","65-74 years","lower",0,3.16570322951228,23,103,0
"932","65-74 years","mean",0,3.16570322951228,23,103,0
"933","65-74 years","upper",0,3.16570322951228,23,103,0.0767266325721391
"934","65-74 years","lower",0,3.17536514042402,23,104,0
"935","65-74 years","mean",0,3.17536514042402,23,104,0
"936","65-74 years","upper",0,3.17536514042402,23,104,0.0741419332234339
"937","75+ years","lower",0,-1.46902575871736,0,1,0.652462720348927
"938","75+ years","mean",0,-1.46902575871736,0,1,0.700898245018099
"939","75+ years","upper",0,-1.46902575871736,0,1,0.7584902815987
"940","75+ years","lower",0,-0.77587857815741,0,2,0.575281066498324
"941","75+ years","mean",0,-0.77587857815741,0,2,0.634473232592674
"942","75+ years","upper",0,-0.77587857815741,0,2,0.704855403907534
"943","75+ years","lower",0,-0.370413470049246,0,3,0.522413560640849
"944","75+ years","mean",0,-0.370413470049246,0,3,0.588973757545385
"945","75+ years","upper",0,-0.370413470049246,0,3,0.66811685181598
"946","75+ years","lower",0,-0.0827313975974646,0,4,0.480958783311221
"947","75+ years","mean",0,-0.0827313975974646,0,4,0.55329644354867
"948","75+ years","upper",0,-0.0827313975974646,0,4,0.639309203872948
"949","75+ years","lower",0,0.140412153716745,1,5,0.446341648173218
"950","75+ years","mean",0,0.140412153716745,1,5,0.52350382422847
"951","75+ years","upper",0,0.140412153716745,1,5,0.615253152771228
"952","75+ years","lower",0,0.3227337105107,1,6,0.416350374316296
"953","75+ years","mean",0,0.3227337105107,1,6,0.497692369832111
"954","75+ years","upper",0,0.3227337105107,1,6,0.594411693371668
"955","75+ years","lower",0,0.476884390337958,1,7,0.389729128838063
"956","75+ years","mean",0,0.476884390337958,1,7,0.474781270193138
"957","75+ years","upper",0,0.476884390337958,1,7,0.575912125482448
"958","75+ years","lower",0,0.610415782962481,1,8,0.365689251475989
"959","75+ years","mean",0,0.610415782962481,1,8,0.454091778936933
"960","75+ years","upper",0,0.610415782962481,1,8,0.559206395328994
"961","75+ years","lower",0,0.728198818618864,2,9,0.343699739812796
"962","75+ years","mean",0,0.728198818618864,2,9,0.435166898313308
"963","75+ years","upper",0,0.728198818618864,2,9,0.543925500068227
"964","75+ years","lower",0,0.83355933427669,2,10,0.323384285713877
"965","75+ years","mean",0,0.83355933427669,2,10,0.417682765444623
"966","75+ years","upper",0,0.83355933427669,2,10,0.529807936612731
"967","75+ years","lower",0,0.928869514081015,2,11,0.304465514466972
"968","75+ years","mean",0,0.928869514081015,2,11,0.401400662736873
"969","75+ years","upper",0,0.928869514081015,2,11,0.516660952436167
"970","75+ years","lower",0,1.01588089107064,2,12,0.286732500156778
"971","75+ years","mean",0,1.01588089107064,2,12,0.386139060566817
"972","75+ years","upper",0,1.01588089107064,2,12,0.504337971440399
"973","75+ years","lower",0,1.09592359874418,2,13,0.270020729745642
"974","75+ years","mean",0,1.09592359874418,2,13,0.371756373725729
"975","75+ years","upper",0,1.09592359874418,2,13,0.492724670645639
"976","75+ years","lower",0,1.1700315708979,3,14,0.254199164454338
"977","75+ years","mean",0,1.1700315708979,3,14,0.358139826027763
"978","75+ years","upper",0,1.1700315708979,3,14,0.481729988918237
"979","75+ years","lower",0,1.23902444238485,3,15,0.239161562362789
"980","75+ years","mean",0,1.23902444238485,3,15,0.345197982261196
"981","75+ years","upper",0,1.23902444238485,3,15,0.471280096894546
"982","75+ years","lower",0,1.30356296352243,3,16,0.224820471368571
"983","75+ years","mean",0,1.30356296352243,3,16,0.332855578335401
"984","75+ years","upper",0,1.30356296352243,3,16,0.461314222582995
"985","75+ years","lower",0,1.36418758533886,3,17,0.211102957002045
"986","75+ years","mean",0,1.36418758533886,3,17,0.321049844501216
"987","75+ years","upper",0,1.36418758533886,3,17,0.451781682548292
"988","75+ years","lower",0,1.42134599917881,4,18,0.197947492587156
"989","75+ years","mean",0,1.42134599917881,4,18,0.30972782892336
"990","75+ years","upper",0,1.42134599917881,4,18,0.442639720829918
"991","75+ years","lower",0,1.47541322044909,4,19,0.185301649190028
"992","75+ years","mean",0,1.47541322044909,4,19,0.298844409575931
"993","75+ years","upper",0,1.47541322044909,4,19,0.433851903647101
"994","75+ years","lower",0,1.52670651483664,4,20,0.173120348842583
"995","75+ years","mean",0,1.52670651483664,4,20,0.288360790910502
"996","75+ years","upper",0,1.52670651483664,4,20,0.42538690553344
"997","75+ years","lower",0,1.57549667900607,4,21,0.161364522691035
"998","75+ years","mean",0,1.57549667900607,4,21,0.278243349015577
"999","75+ years","upper",0,1.57549667900607,4,21,0.417217576860886
"1000","75+ years","lower",0,1.62201669464096,5,22,0.150000065587747
"1001","75+ years","mean",0,1.62201669464096,5,22,0.268462731904736
"1002","75+ years","upper",0,1.62201669464096,5,22,0.409320217367382
"1003","75+ years","lower",0,1.66646845721179,5,23,0.138997011273509
"1004","75+ years","mean",0,1.66646845721179,5,23,0.258993149651995
"1005","75+ years","upper",0,1.66646845721179,5,23,0.401674002976644
"1006","75+ years","lower",0,1.70902807163059,5,24,0.12832887413123
"1007","75+ years","mean",0,1.70902807163059,5,24,0.249811807883864
"1008","75+ years","upper",0,1.70902807163059,5,24,0.394260528371316
"1009","75+ years","lower",0,1.74985006615085,5,25,0.117972118400328
"1010","75+ years","mean",0,1.74985006615085,5,25,0.240898450968192
"1011","75+ years","upper",0,1.74985006615085,5,25,0.387063438140787
"1012","75+ years","lower",0,1.78907077930413,5,26,0.107905726107891
"1013","75+ years","mean",0,1.78907077930413,5,26,0.232234990161837
"1014","75+ years","upper",0,1.78907077930413,5,26,0.380068126529025
"1015","75+ years","lower",0,1.82681110728697,6,27,0.0981108423016238
"1016","75+ years","mean",0,1.82681110728697,6,27,0.223805198286734
"1017","75+ years","upper",0,1.82681110728697,6,27,0.373261490900755
"1018","75+ years","lower",0,1.86317875145785,6,28,0.0885704814296896
"1019","75+ years","mean",0,1.86317875145785,6,28,0.215594457030943
"1020","75+ years","upper",0,1.86317875145785,6,28,0.366631727699694
"1021","75+ years","lower",0,1.89827007126912,6,29,0.0792692825403312
"1022","75+ years","mean",0,1.89827007126912,6,29,0.207589546265583
"1023","75+ years","upper",0,1.89827007126912,6,29,0.360168162332494
"1024","75+ years","lower",0,1.9321716229448,6,30,0.0701933037952278
"1025","75+ years","mean",0,1.9321716229448,6,30,0.199778467196413
"1026","75+ years","upper",0,1.9321716229448,6,30,0.353861106372492
"1027","75+ years","lower",0,1.96496144576779,7,31,0.0613298488941879
"1028","75+ years","mean",0,1.96496144576779,7,31,0.192150292979346
"1029","75+ years","upper",0,1.96496144576779,7,31,0.347701736939199
"1030","75+ years","lower",0,1.99671014408237,7,32,0.0526673195945403
"1031","75+ years","mean",0,1.99671014408237,7,32,0.184695041793896
"1032","75+ years","upper",0,1.99671014408237,7,32,0.341681994211451
"1033","75+ years","lower",0,2.02748180274912,7,33,0.0441950897160606
"1034","75+ years","mean",0,2.02748180274912,7,33,0.177403568407767
"1035","75+ years","upper",0,2.02748180274912,7,33,0.335794493871237
"1036","75+ years","lower",0,2.05733476589881,7,34,0.0359033969503441
"1037","75+ years","mean",0,2.05733476589881,7,34,0.170267471064522
"1038","75+ years","upper",0,2.05733476589881,7,34,0.330032451920143
"1039","75+ years","lower",0,2.08632230277206,8,35,0.0277832495131309
"1040","75+ years","mean",0,2.08632230277206,8,35,0.163279011145573
"1041","75+ years","upper",0,2.08632230277206,8,35,0.324389619810428
"1042","75+ years","lower",0,2.11449317973875,8,36,0.0198263452406096
"1043","75+ years","mean",0,2.11449317973875,8,36,0.156431043541857
"1044","75+ years","upper",0,2.11449317973875,8,36,0.318860228223625
"1045","75+ years","lower",0,2.14189215392687,8,37,0.0120250011738517
"1046","75+ years","mean",0,2.14189215392687,8,37,0.14971695605194
"1047","75+ years","upper",0,2.14189215392687,8,37,0.313438938137549
"1048","75+ years","lower",0,2.16856040100903,8,38,0.00437209202711353
"1049","75+ years","mean",0,2.16856040100903,8,38,0.143130616425859
"1050","75+ years","upper",0,2.16856040100903,8,38,0.308120798066834
"1051","75+ years","lower",0,2.19453588741229,8,39,0
"1052","75+ years","mean",0,2.19453588741229,8,39,0.136666325915737
"1053","75+ years","upper",0,2.19453588741229,8,39,0.302901206557389
"1054","75+ years","lower",0,2.21985369539658,9,40,0
"1055","75+ years","mean",0,2.21985369539658,9,40,0.130318778388541
"1056","75+ years","upper",0,2.21985369539658,9,40,0.297775879171983
"1057","75+ years","lower",0,2.24454630798695,9,41,0
"1058","75+ years","mean",0,2.24454630798695,9,41,0.124083024213494
"1059","75+ years","upper",0,2.24454630798695,9,41,0.292740819331139
"1060","75+ years","lower",0,2.26864385956601,9,42,0
"1061","75+ years","mean",0,2.26864385956601,9,42,0.117954438264535
"1062","75+ years","upper",0,2.26864385956601,9,42,0.287792292476721
"1063","75+ years","lower",0,2.29217435697621,9,43,0
"1064","75+ years","mean",0,2.29217435697621,9,43,0.111928691482759
"1065","75+ years","upper",0,2.29217435697621,9,43,0.282926803110026
"1066","75+ years","lower",0,2.31516387520091,10,44,0
"1067","75+ years","mean",0,2.31516387520091,10,44,0.106001725529732
"1068","75+ years","upper",0,2.31516387520091,10,44,0.278141074325599
"1069","75+ years","lower",0,2.33763673105296,10,45,0
"1070","75+ years","mean",0,2.33763673105296,10,45,0.10016973013359
"1071","75+ years","upper",0,2.33763673105296,10,45,0.273432029519341
"1072","75+ years","lower",0,2.35961563777174,10,46,0
"1073","75+ years","mean",0,2.35961563777174,10,46,0.0944291227887293
"1074","75+ years","upper",0,2.35961563777174,10,46,0.268796775997029
"1075","75+ years","lower",0,2.3811218429927,10,47,0
"1076","75+ years","mean",0,2.3811218429927,10,47,0.0887765305190606
"1077","75+ years","upper",0,2.3811218429927,10,47,0.264232590249046
"1078","75+ years","lower",0,2.40217525219054,11,48,0
"1079","75+ years","mean",0,2.40217525219054,11,48,0.083208773455874
"1080","75+ years","upper",0,2.40217525219054,11,48,0.259736904690336
"1081","75+ years","lower",0,2.42279453939327,11,49,0
"1082","75+ years","mean",0,2.42279453939327,11,49,0.0777228500159545
"1083","75+ years","upper",0,2.42279453939327,11,49,0.255307295692467
"1084","75+ years","lower",0,2.44299724671079,11,50,0
"1085","75+ years","mean",0,2.44299724671079,11,50,0.0723159234947282
"1086","75+ years","upper",0,2.44299724671079,11,50,0.250941472758272
"1087","75+ years","lower",0,2.46279987400697,11,51,0
"1088","75+ years","mean",0,2.46279987400697,11,51,0.0669853099139158
"1089","75+ years","upper",0,2.46279987400697,11,51,0.246637268709433
"1090","75+ years","lower",0,2.48221795986407,11,52,0
"1091","75+ years","mean",0,2.48221795986407,11,52,0.0617284669841555
"1092","75+ years","upper",0,2.48221795986407,11,52,0.242392630774349
"1093","75+ years","lower",0,2.50126615483477,12,53,0
"1094","75+ years","mean",0,2.50126615483477,12,53,0.0565429840609428
"1095","75+ years","upper",0,2.50126615483477,12,53,0.238205612478065
"1096","75+ years","lower",0,2.51995828784692,12,54,0
"1097","75+ years","mean",0,2.51995828784692,12,54,0.0514265729875466
"1098","75+ years","upper",0,2.51995828784692,12,54,0.23407436624838
"1099","75+ years","lower",0,2.53830742651512,12,55,0
"1100","75+ years","mean",0,2.53830742651512,12,55,0.0463770597316873
"1101","75+ years","upper",0,2.53830742651512,12,55,0.229997136662883
"1102","75+ years","lower",0,2.55632593201779,12,56,0
"1103","75+ years","mean",0,2.55632593201779,12,56,0.0413923767340724
"1104","75+ years","upper",0,2.55632593201779,12,56,0.22597225427078
"1105","75+ years","lower",0,2.5740255091172,13,57,0
"1106","75+ years","mean",0,2.5740255091172,13,57,0.0364705558966334
"1107","75+ years","upper",0,2.5740255091172,13,57,0.221998129931244
"1108","75+ years","lower",0,2.59141725182906,13,58,0
"1109","75+ years","mean",0,2.59141725182906,13,58,0.0316097221467622
"1110","75+ years","upper",0,2.59141725182906,13,58,0.218073249616858
"1111","75+ years","lower",0,2.60851168518836,13,59,0
"1112","75+ years","mean",0,2.60851168518836,13,59,0.026808087521161
"1113","75+ years","upper",0,2.60851168518836,13,59,0.214196169636618
"1114","75+ years","lower",0,2.62531880350475,13,60,0
"1115","75+ years","mean",0,2.62531880350475,13,60,0.0220639457193067
"1116","75+ years","upper",0,2.62531880350475,13,60,0.210365512238131
"1117","75+ years","lower",0,2.64184810545596,14,61,0
"1118","75+ years","mean",0,2.64184810545596,14,61,0.0173756670820847
"1119","75+ years","upper",0,2.64184810545596,14,61,0.206579961553112
"1120","75+ years","lower",0,2.65810862632774,14,62,0
"1121","75+ years","mean",0,2.65810862632774,14,62,0.0127416939560124
"1122","75+ years","upper",0,2.65810862632774,14,62,0.202838259854221
"1123","75+ years","lower",0,2.67410896767418,14,63,0
"1124","75+ years","mean",0,2.67410896767418,14,63,0.00816053640773129
"1125","75+ years","upper",0,2.67410896767418,14,63,0.199139204094738
"1126","75+ years","lower",0,2.68985732464232,14,64,0
"1127","75+ years","mean",0,2.68985732464232,14,64,0.003630768257191
"1128","75+ years","upper",0,2.68985732464232,14,64,0.19548164270555
"1129","75+ years","lower",0,2.70536151117828,14,65,0
"1130","75+ years","mean",0,2.70536151117828,14,65,0
"1131","75+ years","upper",0,2.70536151117828,14,65,0.191864472626637
"1132","75+ years","lower",0,2.72062898330907,15,66,0
"1133","75+ years","mean",0,2.72062898330907,15,66,0
"1134","75+ years","upper",0,2.72062898330907,15,66,0.18828663655255
"1135","75+ years","lower",0,2.73566686067361,15,67,0
"1136","75+ years","mean",0,2.73566686067361,15,67,0
"1137","75+ years","upper",0,2.73566686067361,15,67,0.184747120373463
"1138","75+ years","lower",0,2.75048194645875,15,68,0
"1139","75+ years","mean",0,2.75048194645875,15,68,0
"1140","75+ years","upper",0,2.75048194645875,15,68,0.18124495079522
"1141","75+ years","lower",0,2.7650807458799,15,69,0
"1142","75+ years","mean",0,2.7650807458799,15,69,0
"1143","75+ years","upper",0,2.7650807458799,15,69,0.177779193123415
"1144","75+ years","lower",0,2.779469483332,16,70,0
"1145","75+ years","mean",0,2.779469483332,16,70,0
"1146","75+ years","upper",0,2.779469483332,16,70,0.174348949197999
"1147","75+ years","lower",0,2.79365411832396,16,71,0
"1148","75+ years","mean",0,2.79365411832396,16,71,0
"1149","75+ years","upper",0,2.79365411832396,16,71,0.170953355466193
"1150","75+ years","lower",0,2.8076403602987,16,72,0
"1151","75+ years","mean",0,2.8076403602987,16,72,0
"1152","75+ years","upper",0,2.8076403602987,16,72,0.167591581182638
"1153","75+ years","lower",0,2.82143368243104,16,73,0
"1154","75+ years","mean",0,2.82143368243104,16,73,0
"1155","75+ years","upper",0,2.82143368243104,16,73,0.164262826726738
"1156","75+ years","lower",0,2.83503933448681,17,74,0
"1157","75+ years","mean",0,2.83503933448681,17,74,0
"1158","75+ years","upper",0,2.83503933448681,17,74,0.160966322028071
"1159","75+ years","lower",0,2.84846235481896,17,75,0
"1160","75+ years","mean",0,2.84846235481896,17,75,0
"1161","75+ years","upper",0,2.84846235481896,17,75,0.157701325091563
"1162","75+ years","lower",0,2.86170758156898,17,76,0
"1163","75+ years","mean",0,2.86170758156898,17,76,0
"1164","75+ years","upper",0,2.86170758156898,17,76,0.154467120614875
"1165","75+ years","lower",0,2.87477966313633,17,77,0
"1166","75+ years","mean",0,2.87477966313633,17,77,0
"1167","75+ years","upper",0,2.87477966313633,17,77,0.151263018691092
"1168","75+ years","lower",0,2.88768306797224,17,78,0
"1169","75+ years","mean",0,2.88768306797224,17,78,0
"1170","75+ years","upper",0,2.88768306797224,17,78,0.148088353590423
"1171","75+ years","lower",0,2.90042209374967,18,79,0
"1172","75+ years","mean",0,2.90042209374967,18,79,0
"1173","75+ years","upper",0,2.90042209374967,18,79,0.144942482615155
"1174","75+ years","lower",0,2.91300087595653,18,80,0
"1175","75+ years","mean",0,2.91300087595653,18,80,0
"1176","75+ years","upper",0,2.91300087595653,18,80,0.141824785022578
"1177","75+ years","lower",0,2.92542339595508,18,81,0
"1178","75+ years","mean",0,2.92542339595508,18,81,0
"1179","75+ years","upper",0,2.92542339595508,18,81,0.138734661011071
"1180","75+ years","lower",0,2.9376934885469,18,82,0
"1181","75+ years","mean",0,2.9376934885469,18,82,0
"1182","75+ years","upper",0,2.9376934885469,18,82,0.135671530764884
"1183","75+ years","lower",0,2.94981484907924,19,83,0
"1184","75+ years","mean",0,2.94981484907924,19,83,0
"1185","75+ years","upper",0,2.94981484907924,19,83,0.132634833553579
"1186","75+ years","lower",0,2.96179104012596,19,84,0
"1187","75+ years","mean",0,2.96179104012596,19,84,0
"1188","75+ years","upper",0,2.96179104012596,19,84,0.129624026882358
"1189","75+ years","lower",0,2.97362549777296,19,85,0
"1190","75+ years","mean",0,2.97362549777296,19,85,0
"1191","75+ years","upper",0,2.97362549777296,19,85,0.126638585689847
"1192","75+ years","lower",0,2.98532153753615,19,86,0
"1193","75+ years","mean",0,2.98532153753615,19,86,0
"1194","75+ years","upper",0,2.98532153753615,19,86,0.123678001590161
"1195","75+ years","lower",0,2.99688235993723,20,87,0
"1196","75+ years","mean",0,2.99688235993723,20,87,0
"1197","75+ years","upper",0,2.99688235993723,20,87,0.120741782156309
"1198","75+ years","lower",0,3.00831105576085,20,88,0
"1199","75+ years","mean",0,3.00831105576085,20,88,0
"1200","75+ years","upper",0,3.00831105576085,20,88,0.117829450242257
"1201","75+ years","lower",0,3.01961061101478,20,89,0
"1202","75+ years","mean",0,3.01961061101478,20,89,0
"1203","75+ years","upper",0,3.01961061101478,20,89,0.114940543341122
"1204","75+ years","lower",0,3.03078391161291,20,90,0
"1205","75+ years","mean",0,3.03078391161291,20,90,0
"1206","75+ years","upper",0,3.03078391161291,20,90,0.112074612977221
"1207","75+ years","lower",0,3.0418337477995,20,91,0
"1208","75+ years","mean",0,3.0418337477995,20,91,0
"1209","75+ years","upper",0,3.0418337477995,20,91,0.109231224129803
"1210","75+ years","lower",0,3.05276281833169,21,92,0
"1211","75+ years","mean",0,3.05276281833169,21,92,0
"1212","75+ years","upper",0,3.05276281833169,21,92,0.10640995468651
"1213","75+ years","lower",0,3.0635737344359,21,93,0
"1214","75+ years","mean",0,3.0635737344359,21,93,0
"1215","75+ years","upper",0,3.0635737344359,21,93,0.103610394924706
"1216","75+ years","lower",0,3.07426902355265,21,94,0
"1217","75+ years","mean",0,3.07426902355265,21,94,0
"1218","75+ years","upper",0,3.07426902355265,21,94,0.10083214701899
"1219","75+ years","lower",0,3.08485113288319,21,95,0
"1220","75+ years","mean",0,3.08485113288319,21,95,0
"1221","75+ years","upper",0,3.08485113288319,21,95,0.0980748245732871
"1222","75+ years","lower",0,3.09532243275048,22,96,0
"1223","75+ years","mean",0,3.09532243275048,22,96,0
"1224","75+ years","upper",0,3.09532243275048,22,96,0.0953380521760674
"1225","75+ years","lower",0,3.10568521978603,22,97,0
"1226","75+ years","mean",0,3.10568521978603,22,97,0
"1227","75+ years","upper",0,3.10568521978603,22,97,0.0926214649773034
"1228","75+ years","lower",0,3.11594171995322,22,98,0
"1229","75+ years","mean",0,3.11594171995322,22,98,0
"1230","75+ years","upper",0,3.11594171995322,22,98,0.0899247082859012
"1231","75+ years","lower",0,3.12609409141723,22,99,0
"1232","75+ years","mean",0,3.12609409141723,22,99,0
"1233","75+ years","upper",0,3.12609409141723,22,99,0.0872474371864133
"1234","75+ years","lower",0,3.13614442727074,23,100,0
"1235","75+ years","mean",0,3.13614442727074,23,100,0
"1236","75+ years","upper",0,3.13614442727074,23,100,0.084589316173924
"1237","75+ years","lower",0,3.1460947581239,23,101,0
"1238","75+ years","mean",0,3.1460947581239,23,101,0
"1239","75+ years","upper",0,3.1460947581239,23,101,0.0819500188060766
"1240","75+ years","lower",0,3.15594705456692,23,102,0
"1241","75+ years","mean",0,3.15594705456692,23,102,0
"1242","75+ years","upper",0,3.15594705456692,23,102,0.0793292273712718
"1243","75+ years","lower",0,3.16570322951228,23,103,0
"1244","75+ years","mean",0,3.16570322951228,23,103,0
"1245","75+ years","upper",0,3.16570322951228,23,103,0.0767266325721391
"1246","75+ years","lower",0,3.17536514042402,23,104,0
"1247","75+ years","mean",0,3.17536514042402,23,104,0
"1248","75+ years","upper",0,3.17536514042402,23,104,0.0741419332234339
