"","age_group","estimate","prior_inf","study","month_input","months","weeks","ve_pred"
"1","18-49 years","lower",1,NA,-1.46902575871736,0,1,0.893146369589898
"2","18-49 years","mean",1,NA,-1.46902575871736,0,1,0.923542449827611
"3","18-49 years","upper",1,NA,-1.46902575871736,0,1,0.938265775496394
"4","50-64 years","lower",1,NA,-1.46902575871736,0,1,0.8931463695899
"5","50-64 years","mean",1,NA,-1.46902575871736,0,1,0.923542449827612
"6","50-64 years","upper",1,NA,-1.46902575871736,0,1,0.938265775496394
"7","18-49 years","lower",1,NA,-0.77587857815741,0,2,0.875008762939233
"8","18-49 years","mean",1,NA,-0.77587857815741,0,2,0.91438043971859
"9","18-49 years","upper",1,NA,-0.77587857815741,0,2,0.933451386196396
"10","50-64 years","lower",1,NA,-0.77587857815741,0,2,0.875008762939235
"11","50-64 years","mean",1,NA,-0.77587857815741,0,2,0.914380439718591
"12","50-64 years","upper",1,NA,-0.77587857815741,0,2,0.933451386196396
"13","18-49 years","lower",1,NA,-0.370413470049246,0,3,0.861465925177748
"14","18-49 years","mean",1,NA,-0.370413470049246,0,3,0.907271042499222
"15","18-49 years","upper",1,NA,-0.370413470049246,0,3,0.929458234214294
"16","50-64 years","lower",1,NA,-0.370413470049246,0,3,0.86146592517775
"17","50-64 years","mean",1,NA,-0.370413470049246,0,3,0.907271042499223
"18","50-64 years","upper",1,NA,-0.370413470049246,0,3,0.929458234214294
"19","18-49 years","lower",1,NA,-0.0827313975974646,0,4,0.85016592533384
"20","18-49 years","mean",1,NA,-0.0827313975974646,0,4,0.901163584252207
"21","18-49 years","upper",1,NA,-0.0827313975974646,0,4,0.92586595162091
"22","50-64 years","lower",1,NA,-0.0827313975974646,0,4,0.850165925333843
"23","50-64 years","mean",1,NA,-0.0827313975974646,0,4,0.901163584252208
"24","50-64 years","upper",1,NA,-0.0827313975974646,0,4,0.92586595162091
"25","18-49 years","lower",1,NA,0.140412153716745,1,5,0.840244723705251
"26","18-49 years","mean",1,NA,0.140412153716745,1,5,0.895672074066399
"27","18-49 years","upper",1,NA,0.140412153716745,1,5,0.922520105915992
"28","50-64 years","lower",1,NA,0.140412153716745,1,5,0.840244723705254
"29","50-64 years","mean",1,NA,0.140412153716745,1,5,0.895672074066401
"30","50-64 years","upper",1,NA,0.140412153716745,1,5,0.922520105915993
"31","18-49 years","lower",1,NA,0.3227337105107,1,6,0.831274636552043
"32","18-49 years","mean",1,NA,0.3227337105107,1,6,0.890605453549428
"33","18-49 years","upper",1,NA,0.3227337105107,1,6,0.919344255856037
"34","50-64 years","lower",1,NA,0.3227337105107,1,6,0.831274636552046
"35","50-64 years","mean",1,NA,0.3227337105107,1,6,0.89060545354943
"36","50-64 years","upper",1,NA,0.3227337105107,1,6,0.919344255856038
"37","18-49 years","lower",1,NA,0.476884390337958,1,7,0.823008409112957
"38","18-49 years","mean",1,NA,0.476884390337958,1,7,0.885853267023929
"39","18-49 years","upper",1,NA,0.476884390337958,1,7,0.916294208829432
"40","50-64 years","lower",1,NA,0.476884390337958,1,7,0.82300840911296
"41","50-64 years","mean",1,NA,0.476884390337958,1,7,0.885853267023931
"42","50-64 years","upper",1,NA,0.476884390337958,1,7,0.916294208829433
"43","18-49 years","lower",1,NA,0.610415782962481,1,8,0.815288468722314
"44","18-49 years","mean",1,NA,0.610415782962481,1,8,0.881345122334729
"45","18-49 years","upper",1,NA,0.610415782962481,1,8,0.913341801384117
"46","50-64 years","lower",1,NA,0.610415782962481,1,8,0.815288468722317
"47","50-64 years","mean",1,NA,0.610415782962481,1,8,0.88134512233473
"48","50-64 years","upper",1,NA,0.610415782962481,1,8,0.913341801384118
"49","18-49 years","lower",1,NA,0.728198818618864,2,9,0.808007396237435
"50","18-49 years","mean",1,NA,0.728198818618864,2,9,0.877033032320302
"51","18-49 years","upper",1,NA,0.728198818618864,2,9,0.910467834163008
"52","50-64 years","lower",1,NA,0.728198818618864,2,9,0.808007396237439
"53","50-64 years","mean",1,NA,0.728198818618864,2,9,0.877033032320304
"54","50-64 years","upper",1,NA,0.728198818618864,2,9,0.910467834163009
"55","18-49 years","lower",1,NA,0.83355933427669,2,10,0.801088241620891
"56","18-49 years","mean",1,NA,0.83355933427669,2,10,0.872882621228027
"57","18-49 years","upper",1,NA,0.83355933427669,2,10,0.907658553646858
"58","50-64 years","lower",1,NA,0.83355933427669,2,10,0.801088241620895
"59","50-64 years","mean",1,NA,0.83355933427669,2,10,0.872882621228029
"60","50-64 years","upper",1,NA,0.83355933427669,2,10,0.907658553646858
"61","18-49 years","lower",1,NA,0.928869514081015,2,11,0.794473742634547
"62","18-49 years","mean",1,NA,0.928869514081015,2,11,0.868868308400656
"63","18-49 years","upper",1,NA,0.928869514081015,2,11,0.904903725177951
"64","50-64 years","lower",1,NA,0.928869514081015,2,11,0.794473742634551
"65","50-64 years","mean",1,NA,0.928869514081015,2,11,0.868868308400658
"66","50-64 years","upper",1,NA,0.928869514081015,2,11,0.904903725177952
"67","18-49 years","lower",1,NA,1.01588089107064,2,12,0.788119981648524
"68","18-49 years","mean",1,NA,1.01588089107064,2,12,0.864970474593926
"69","18-49 years","upper",1,NA,1.01588089107064,2,12,0.902195499221864
"70","50-64 years","lower",1,NA,1.01588089107064,2,12,0.788119981648528
"71","50-64 years","mean",1,NA,1.01588089107064,2,12,0.864970474593928
"72","50-64 years","upper",1,NA,1.01588089107064,2,12,0.902195499221865
"73","18-49 years","lower",1,NA,1.09592359874418,2,13,0.781992438751246
"74","18-49 years","mean",1,NA,1.09592359874418,2,13,0.861173698789465
"75","18-49 years","upper",1,NA,1.09592359874418,2,13,0.899527705927558
"76","50-64 years","lower",1,NA,1.09592359874418,2,13,0.78199243875125
"77","50-64 years","mean",1,NA,1.09592359874418,2,13,0.861173698789467
"78","50-64 years","upper",1,NA,1.09592359874418,2,13,0.899527705927559
"79","18-49 years","lower",1,NA,1.1700315708979,3,14,0.776063422689762
"80","18-49 years","mean",1,NA,1.1700315708979,3,14,0.85746561052336
"81","18-49 years","upper",1,NA,1.1700315708979,3,14,0.896895395951366
"82","50-64 years","lower",1,NA,1.1700315708979,3,14,0.776063422689767
"83","50-64 years","mean",1,NA,1.1700315708979,3,14,0.857465610523362
"84","50-64 years","upper",1,NA,1.1700315708979,3,14,0.896895395951367
"85","18-49 years","lower",1,NA,1.23902444238485,3,15,0.770310335427154
"86","18-49 years","mean",1,NA,1.23902444238485,3,15,0.853836114614987
"87","18-49 years","upper",1,NA,1.23902444238485,3,15,0.894294530275947
"88","50-64 years","lower",1,NA,1.23902444238485,3,15,0.770310335427159
"89","50-64 years","mean",1,NA,1.23902444238485,3,15,0.853836114614989
"90","50-64 years","upper",1,NA,1.23902444238485,3,15,0.894294530275948
"91","18-49 years","lower",1,NA,1.30356296352243,3,16,0.764714462767845
"92","18-49 years","mean",1,NA,1.30356296352243,3,16,0.850276850905219
"93","18-49 years","upper",1,NA,1.30356296352243,3,16,0.891721764054985
"94","50-64 years","lower",1,NA,1.30356296352243,3,16,0.76471446276785
"95","50-64 years","mean",1,NA,1.30356296352243,3,16,0.850276850905221
"96","50-64 years","upper",1,NA,1.30356296352243,3,16,0.891721764054986
"97","18-49 years","lower",1,NA,1.36418758533886,3,17,0.75926010896301
"98","18-49 years","mean",1,NA,1.36418758533886,3,17,0.846780807660251
"99","18-49 years","upper",1,NA,1.36418758533886,3,17,0.889174291938533
"100","50-64 years","lower",1,NA,1.36418758533886,3,17,0.759260108963014
"101","50-64 years","mean",1,NA,1.36418758533886,3,17,0.846780807660253
"102","50-64 years","upper",1,NA,1.36418758533886,3,17,0.889174291938534
"103","18-49 years","lower",1,NA,1.42134599917881,4,18,0.75393396316053
"104","18-49 years","mean",1,NA,1.42134599917881,4,18,0.843342038546918
"105","18-49 years","upper",1,NA,1.42134599917881,4,18,0.88664973483664
"106","50-64 years","lower",1,NA,1.42134599917881,4,18,0.753933963160535
"107","50-64 years","mean",1,NA,1.42134599917881,4,18,0.84334203854692
"108","50-64 years","upper",1,NA,1.42134599917881,4,18,0.88664973483664
"109","18-49 years","lower",1,NA,1.47541322044909,4,19,0.748724626272381
"110","18-49 years","mean",1,NA,1.47541322044909,4,19,0.839955451271011
"111","18-49 years","upper",1,NA,1.47541322044909,4,19,0.884146055354889
"112","50-64 years","lower",1,NA,1.47541322044909,4,19,0.748724626272386
"113","50-64 years","mean",1,NA,1.47541322044909,4,19,0.839955451271013
"114","50-64 years","upper",1,NA,1.47541322044909,4,19,0.88414605535489
"115","18-49 years","lower",1,NA,1.52670651483664,4,20,0.743622251410772
"116","18-49 years","mean",1,NA,1.52670651483664,4,20,0.836616646949954
"117","18-49 years","upper",1,NA,1.52670651483664,4,20,0.881661493528435
"118","50-64 years","lower",1,NA,1.52670651483664,4,20,0.743622251410777
"119","50-64 years","mean",1,NA,1.52670651483664,4,20,0.836616646949957
"120","50-64 years","upper",1,NA,1.52670651483664,4,20,0.881661493528436
"121","18-49 years","lower",1,NA,1.57549667900607,4,21,0.738618266366898
"122","18-49 years","mean",1,NA,1.57549667900607,4,21,0.833321796136237
"123","18-49 years","upper",1,NA,1.57549667900607,4,21,0.879194517219767
"124","50-64 years","lower",1,NA,1.57549667900607,4,21,0.738618266366903
"125","50-64 years","mean",1,NA,1.57549667900607,4,21,0.833321796136239
"126","50-64 years","upper",1,NA,1.57549667900607,4,21,0.879194517219768
"127","18-49 years","lower",1,NA,1.62201669464096,5,22,0.73370515643092
"128","18-49 years","mean",1,NA,1.62201669464096,5,22,0.830067541796969
"129","18-49 years","upper",1,NA,1.62201669464096,5,22,0.876743783301451
"130","50-64 years","lower",1,NA,1.62201669464096,5,22,0.733705156430925
"131","50-64 years","mean",1,NA,1.62201669464096,5,22,0.830067541796972
"132","50-64 years","upper",1,NA,1.62201669464096,5,22,0.876743783301452
"133","18-49 years","lower",1,NA,1.66646845721179,5,23,0.728876292310188
"134","18-49 years","mean",1,NA,1.66646845721179,5,23,0.826850922440102
"135","18-49 years","upper",1,NA,1.66646845721179,5,23,0.874308106899415
"136","50-64 years","lower",1,NA,1.66646845721179,5,23,0.728876292310194
"137","50-64 years","mean",1,NA,1.66646845721179,5,23,0.826850922440104
"138","50-64 years","upper",1,NA,1.66646845721179,5,23,0.874308106899416
"139","18-49 years","lower",1,NA,1.70902807163059,5,24,0.724125792243735
"140","18-49 years","mean",1,NA,1.70902807163059,5,24,0.823669310517074
"141","18-49 years","upper",1,NA,1.70902807163059,5,24,0.871886436748251
"142","50-64 years","lower",1,NA,1.70902807163059,5,24,0.72412579224374
"143","50-64 years","mean",1,NA,1.70902807163059,5,24,0.823669310517076
"144","50-64 years","upper",1,NA,1.70902807163059,5,24,0.871886436748252
"145","18-49 years","lower",1,NA,1.74985006615085,5,25,0.719448410387565
"146","18-49 years","mean",1,NA,1.74985006615085,5,25,0.820520362561378
"147","18-49 years","upper",1,NA,1.74985006615085,5,25,0.869477835241963
"148","50-64 years","lower",1,NA,1.74985006615085,5,25,0.71944841038757
"149","50-64 years","mean",1,NA,1.74985006615085,5,25,0.820520362561381
"150","50-64 years","upper",1,NA,1.74985006615085,5,25,0.869477835241963
"151","18-49 years","lower",1,NA,1.78907077930413,5,26,0.71483944562336
"152","18-49 years","mean",1,NA,1.78907077930413,5,26,0.817401978450836
"153","18-49 years","upper",1,NA,1.78907077930413,5,26,0.86708146213507
"154","50-64 years","lower",1,NA,1.78907077930413,5,26,0.714839445623366
"155","50-64 years","mean",1,NA,1.78907077930413,5,26,0.817401978450838
"156","50-64 years","upper",1,NA,1.78907077930413,5,26,0.86708146213507
"157","18-49 years","lower",1,NA,1.82681110728697,6,27,0.710294666417952
"158","18-49 years","mean",1,NA,1.82681110728697,6,27,0.814312267840199
"159","18-49 years","upper",1,NA,1.82681110728697,6,27,0.864696561112502
"160","50-64 years","lower",1,NA,1.82681110728697,6,27,0.710294666417957
"161","50-64 years","mean",1,NA,1.82681110728697,6,27,0.814312267840202
"162","50-64 years","upper",1,NA,1.82681110728697,6,27,0.864696561112503
"163","18-49 years","lower",1,NA,1.86317875145785,6,28,0.705810248423233
"164","18-49 years","mean",1,NA,1.86317875145785,6,28,0.811249522285278
"165","18-49 years","upper",1,NA,1.86317875145785,6,28,0.862322448636642
"166","50-64 years","lower",1,NA,1.86317875145785,6,28,0.705810248423239
"167","50-64 years","mean",1,NA,1.86317875145785,6,28,0.811249522285281
"168","50-64 years","upper",1,NA,1.86317875145785,6,28,0.862322448636643
"169","18-49 years","lower",1,NA,1.89827007126912,6,29,0.701382722281918
"170","18-49 years","mean",1,NA,1.89827007126912,6,29,0.808212191926296
"171","18-49 years","upper",1,NA,1.89827007126912,6,29,0.859958504618484
"172","50-64 years","lower",1,NA,1.89827007126912,6,29,0.701382722281924
"173","50-64 years","mean",1,NA,1.89827007126912,6,29,0.808212191926299
"174","50-64 years","upper",1,NA,1.89827007126912,6,29,0.859958504618485
"175","18-49 years","lower",1,NA,1.9321716229448,6,30,0.697008929678199
"176","18-49 years","mean",1,NA,1.9321716229448,6,30,0.805198865854481
"177","18-49 years","upper",1,NA,1.9321716229448,6,30,0.857604164562432
"178","50-64 years","lower",1,NA,1.9321716229448,6,30,0.697008929678205
"179","50-64 years","mean",1,NA,1.9321716229448,6,30,0.805198865854483
"180","50-64 years","upper",1,NA,1.9321716229448,6,30,0.857604164562433
"181","18-49 years","lower",1,NA,1.96496144576779,7,31,0.692685986101506
"182","18-49 years","mean",1,NA,1.96496144576779,7,31,0.802208255477581
"183","18-49 years","upper",1,NA,1.96496144576779,7,31,0.85525891291095
"184","50-64 years","lower",1,NA,1.96496144576779,7,31,0.692685986101512
"185","50-64 years","mean",1,NA,1.96496144576779,7,31,0.802208255477584
"186","50-64 years","upper",1,NA,1.96496144576779,7,31,0.855258912910951
"187","18-49 years","lower",1,NA,1.99671014408237,7,32,0.688411249116039
"188","18-49 years","mean",1,NA,1.99671014408237,7,32,0.799239180344979
"189","18-49 years","upper",1,NA,1.99671014408237,7,32,0.852922277373279
"190","50-64 years","lower",1,NA,1.99671014408237,7,32,0.688411249116045
"191","50-64 years","mean",1,NA,1.99671014408237,7,32,0.799239180344982
"192","50-64 years","upper",1,NA,1.99671014408237,7,32,0.85292227737328
"193","18-49 years","lower",1,NA,2.02748180274912,7,33,0.684182291176602
"194","18-49 years","mean",1,NA,2.02748180274912,7,33,0.796290556003749
"195","18-49 years","upper",1,NA,2.02748180274912,7,33,0.850593824066724
"196","50-64 years","lower",1,NA,2.02748180274912,7,33,0.684182291176608
"197","50-64 years","mean",1,NA,2.02748180274912,7,33,0.796290556003752
"198","50-64 years","upper",1,NA,2.02748180274912,7,33,0.850593824066725
"199","18-49 years","lower",1,NA,2.05733476589881,7,34,0.679996876222269
"200","18-49 years","mean",1,NA,2.05733476589881,7,34,0.793361383542393
"201","18-49 years","upper",1,NA,2.05733476589881,7,34,0.84827315333317
"202","50-64 years","lower",1,NA,2.05733476589881,7,34,0.679996876222275
"203","50-64 years","mean",1,NA,2.05733476589881,7,34,0.793361383542395
"204","50-64 years","upper",1,NA,2.05733476589881,7,34,0.848273153333171
"205","18-49 years","lower",1,NA,2.08632230277206,8,35,0.675852939427954
"206","18-49 years","mean",1,NA,2.08632230277206,8,35,0.790450740545291
"207","18-49 years","upper",1,NA,2.08632230277206,8,35,0.845959896120013
"208","50-64 years","lower",1,NA,2.08632230277206,8,35,0.67585293942796
"209","50-64 years","mean",1,NA,2.08632230277206,8,35,0.790450740545294
"210","50-64 years","upper",1,NA,2.08632230277206,8,35,0.845959896120015
"211","18-49 years","lower",1,NA,2.11449317973875,8,36,0.671748569610393
"212","18-49 years","mean",1,NA,2.11449317973875,8,36,0.787557773232963
"213","18-49 years","upper",1,NA,2.11449317973875,8,36,0.843653710835533
"214","50-64 years","lower",1,NA,2.11449317973875,8,36,0.671748569610399
"215","50-64 years","mean",1,NA,2.11449317973875,8,36,0.787557773232965
"216","50-64 years","upper",1,NA,2.11449317973875,8,36,0.843653710835534
"217","18-49 years","lower",1,NA,2.14189215392687,8,37,0.667681993876962
"218","18-49 years","mean",1,NA,2.14189215392687,8,37,0.784681689604256
"219","18-49 years","upper",1,NA,2.14189215392687,8,37,0.841354280605122
"220","50-64 years","lower",1,NA,2.14189215392687,8,37,0.667681993876968
"221","50-64 years","mean",1,NA,2.14189215392687,8,37,0.784681689604258
"222","50-64 years","upper",1,NA,2.14189215392687,8,37,0.841354280605123
"223","18-49 years","lower",1,NA,2.16856040100903,8,38,0.663651564178933
"224","18-49 years","mean",1,NA,2.16856040100903,8,38,0.781821753429308
"225","18-49 years","upper",1,NA,2.16856040100903,8,38,0.839061310867912
"226","50-64 years","lower",1,NA,2.16856040100903,8,38,0.663651564178939
"227","50-64 years","mean",1,NA,2.16856040100903,8,38,0.781821753429311
"228","50-64 years","upper",1,NA,2.16856040100903,8,38,0.839061310867913
"229","18-49 years","lower",1,NA,2.19453588741229,8,39,0.659655745489322
"230","18-49 years","mean",1,NA,2.19453588741229,8,39,0.778977278968262
"231","18-49 years","upper",1,NA,2.19453588741229,8,39,0.83677452726376
"232","50-64 years","lower",1,NA,2.19453588741229,8,39,0.659655745489328
"233","50-64 years","mean",1,NA,2.19453588741229,8,39,0.778977278968264
"234","50-64 years","upper",1,NA,2.19453588741229,8,39,0.836774527263761
"235","18-49 years","lower",1,NA,2.21985369539658,9,40,0.655693105372683
"236","18-49 years","mean",1,NA,2.21985369539658,9,40,0.77614762631179
"237","18-49 years","upper",1,NA,2.21985369539658,9,40,0.83449367376903
"238","50-64 years","lower",1,NA,2.21985369539658,9,40,0.655693105372689
"239","50-64 years","mean",1,NA,2.21985369539658,9,40,0.776147626311792
"240","50-64 years","upper",1,NA,2.21985369539658,9,40,0.834493673769031
"241","18-49 years","lower",1,NA,2.24454630798695,9,41,0.65176230475247
"242","18-49 years","mean",1,NA,2.24454630798695,9,41,0.773332197256622
"243","18-49 years","upper",1,NA,2.24454630798695,9,41,0.83221851104641
"244","50-64 years","lower",1,NA,2.24454630798695,9,41,0.651762304752476
"245","50-64 years","mean",1,NA,2.24454630798695,9,41,0.773332197256624
"246","50-64 years","upper",1,NA,2.24454630798695,9,41,0.832218511046412
"247","18-49 years","lower",1,NA,2.26864385956601,9,42,0.647862089712787
"248","18-49 years","mean",1,NA,2.26864385956601,9,42,0.770530431643152
"249","18-49 years","upper",1,NA,2.26864385956601,9,42,0.829948814979617
"250","50-64 years","lower",1,NA,2.26864385956601,9,42,0.647862089712793
"251","50-64 years","mean",1,NA,2.26864385956601,9,42,0.770530431643155
"252","50-64 years","upper",1,NA,2.26864385956601,9,42,0.829948814979618
"253","18-49 years","lower",1,NA,2.29217435697621,9,43,0.643991284196914
"254","18-49 years","mean",1,NA,2.29217435697621,9,43,0.767741804093666
"255","18-49 years","upper",1,NA,2.29217435697621,9,43,0.82768437536838
"256","50-64 years","lower",1,NA,2.29217435697621,9,43,0.643991284196921
"257","50-64 years","mean",1,NA,2.29217435697621,9,43,0.767741804093669
"258","50-64 years","upper",1,NA,2.29217435697621,9,43,0.827684375368381
"259","18-49 years","lower",1,NA,2.31516387520091,10,44,0.640148783486059
"260","18-49 years","mean",1,NA,2.31516387520091,10,44,0.76496582109911
"261","18-49 years","upper",1,NA,2.31516387520091,10,44,0.825424994762876
"262","50-64 years","lower",1,NA,2.31516387520091,10,44,0.640148783486066
"263","50-64 years","mean",1,NA,2.31516387520091,10,44,0.764965821099113
"264","50-64 years","upper",1,NA,2.31516387520091,10,44,0.825424994762877
"265","18-49 years","lower",1,NA,2.33763673105296,10,45,0.636333548359217
"266","18-49 years","mean",1,NA,2.33763673105296,10,45,0.762202018410146
"267","18-49 years","upper",1,NA,2.33763673105296,10,45,0.823170487419908
"268","50-64 years","lower",1,NA,2.33763673105296,10,45,0.636333548359224
"269","50-64 years","mean",1,NA,2.33763673105296,10,45,0.762202018410149
"270","50-64 years","upper",1,NA,2.33763673105296,10,45,0.823170487419909
"271","18-49 years","lower",1,NA,2.35961563777174,10,46,0.632544599849546
"272","18-49 years","mean",1,NA,2.35961563777174,10,46,0.759449958694665
"273","18-49 years","upper",1,NA,2.35961563777174,10,46,0.82092067836569
"274","50-64 years","lower",1,NA,2.35961563777174,10,46,0.632544599849553
"275","50-64 years","mean",1,NA,2.35961563777174,10,46,0.759449958694668
"276","50-64 years","upper",1,NA,2.35961563777174,10,46,0.820920678365691
"277","18-49 years","lower",1,NA,2.3811218429927,10,47,0.62878101452474
"278","18-49 years","mean",1,NA,2.3811218429927,10,47,0.756709229429406
"279","18-49 years","upper",1,NA,2.3811218429927,10,47,0.818675402552297
"280","50-64 years","lower",1,NA,2.3811218429927,10,47,0.628781014524747
"281","50-64 years","mean",1,NA,2.3811218429927,10,47,0.756709229429409
"282","50-64 years","upper",1,NA,2.3811218429927,10,47,0.818675402552298
"283","18-49 years","lower",1,NA,2.40217525219054,11,48,0.625041920229078
"284","18-49 years","mean",1,NA,2.40217525219054,11,48,0.753979440997802
"285","18-49 years","upper",1,NA,2.40217525219054,11,48,0.816434504096629
"286","50-64 years","lower",1,NA,2.40217525219054,11,48,0.625041920229086
"287","50-64 years","mean",1,NA,2.40217525219054,11,48,0.753979440997806
"288","50-64 years","upper",1,NA,2.40217525219054,11,48,0.81643450409663
"289","18-49 years","lower",1,NA,2.42279453939327,11,49,0.621326492233346
"290","18-49 years","mean",1,NA,2.42279453939327,11,49,0.751260224970047
"291","18-49 years","upper",1,NA,2.42279453939327,11,49,0.81419783559227
"292","50-64 years","lower",1,NA,2.42279453939327,11,49,0.621326492233353
"293","50-64 years","mean",1,NA,2.42279453939327,11,49,0.75126022497005
"294","50-64 years","upper",1,NA,2.42279453939327,11,49,0.814197835592271
"295","18-49 years","lower",1,NA,2.44299724671079,11,50,0.617633949746087
"296","18-49 years","mean",1,NA,2.44299724671079,11,50,0.748551232544569
"297","18-49 years","upper",1,NA,2.44299724671079,11,50,0.811965257485937
"298","50-64 years","lower",1,NA,2.44299724671079,11,50,0.617633949746094
"299","50-64 years","mean",1,NA,2.44299724671079,11,50,0.748551232544572
"300","50-64 years","upper",1,NA,2.44299724671079,11,50,0.811965257485938
"301","18-49 years","lower",1,NA,2.46279987400697,11,51,0.613963552745763
"302","18-49 years","mean",1,NA,2.46279987400697,11,51,0.745852133132869
"303","18-49 years","upper",1,NA,2.46279987400697,11,51,0.809736637511282
"304","50-64 years","lower",1,NA,2.46279987400697,11,51,0.61396355274577
"305","50-64 years","mean",1,NA,2.46279987400697,11,51,0.745852133132872
"306","50-64 years","upper",1,NA,2.46279987400697,11,51,0.809736637511284
"307","18-49 years","lower",1,NA,2.48221795986407,11,52,0.610314599098612
"308","18-49 years","mean",1,NA,2.48221795986407,11,52,0.743162613071988
"309","18-49 years","upper",1,NA,2.48221795986407,11,52,0.807511850173757
"310","50-64 years","lower",1,NA,2.48221795986407,11,52,0.610314599098619
"311","50-64 years","mean",1,NA,2.48221795986407,11,52,0.743162613071991
"312","50-64 years","upper",1,NA,2.48221795986407,11,52,0.807511850173759
"313","18-49 years","lower",1,NA,2.50126615483477,12,53,0.606686421931477
"314","18-49 years","mean",1,NA,2.50126615483477,12,53,0.740482374450872
"315","18-49 years","upper",1,NA,2.50126615483477,12,53,0.805290776281051
"316","50-64 years","lower",1,NA,2.50126615483477,12,53,0.606686421931484
"317","50-64 years","mean",1,NA,2.50126615483477,12,53,0.740482374450876
"318","50-64 years","upper",1,NA,2.50126615483477,12,53,0.805290776281052
"319","18-49 years","lower",1,NA,2.51995828784692,12,54,0.603078387232685
"320","18-49 years","mean",1,NA,2.51995828784692,12,54,0.737811134038622
"321","18-49 years","upper",1,NA,2.51995828784692,12,54,0.803073302514287
"322","50-64 years","lower",1,NA,2.51995828784692,12,54,0.603078387232693
"323","50-64 years","mean",1,NA,2.51995828784692,12,54,0.737811134038626
"324","50-64 years","upper",1,NA,2.51995828784692,12,54,0.803073302514288
"325","18-49 years","lower",1,NA,2.53830742651512,12,55,0.599489891657344
"326","18-49 years","mean",1,NA,2.53830742651512,12,55,0.735148622304051
"327","18-49 years","upper",1,NA,2.53830742651512,12,55,0.800859321035758
"328","50-64 years","lower",1,NA,2.53830742651512,12,55,0.599489891657351
"329","50-64 years","mean",1,NA,2.53830742651512,12,55,0.735148622304055
"330","50-64 years","upper",1,NA,2.53830742651512,12,55,0.80085932103576
"331","18-49 years","lower",1,NA,2.55632593201779,12,56,0.59592036051625
"332","18-49 years","mean",1,NA,2.55632593201779,12,56,0.732494582517282
"333","18-49 years","upper",1,NA,2.55632593201779,12,56,0.79864872912948
"334","50-64 years","lower",1,NA,2.55632593201779,12,56,0.595920360516258
"335","50-64 years","mean",1,NA,2.55632593201779,12,56,0.732494582517284
"336","50-64 years","upper",1,NA,2.55632593201779,12,56,0.79864872912948
"337","18-49 years","lower",1,NA,2.5740255091172,13,57,0.592369245930075
"338","18-49 years","mean",1,NA,2.5740255091172,13,57,0.729848769925158
"339","18-49 years","upper",1,NA,2.5740255091172,13,57,0.796441428871274
"340","50-64 years","lower",1,NA,2.5740255091172,13,57,0.592369245930083
"341","50-64 years","mean",1,NA,2.5740255091172,13,57,0.729848769925161
"342","50-64 years","upper",1,NA,2.5740255091172,13,57,0.796441428871276
"343","18-49 years","lower",1,NA,2.59141725182906,13,58,0.588836025132581
"344","18-49 years","mean",1,NA,2.59141725182906,13,58,0.727210950993254
"345","18-49 years","upper",1,NA,2.59141725182906,13,58,0.79423732682551
"346","50-64 years","lower",1,NA,2.59141725182906,13,58,0.588836025132588
"347","50-64 years","mean",1,NA,2.59141725182906,13,58,0.727210950993257
"348","50-64 years","upper",1,NA,2.59141725182906,13,58,0.794237326825511
"349","18-49 years","lower",1,NA,2.60851168518836,13,59,0.58532019890849
"350","18-49 years","mean",1,NA,2.60851168518836,13,59,0.724580902708023
"351","18-49 years","upper",1,NA,2.60851168518836,13,59,0.792036333765888
"352","50-64 years","lower",1,NA,2.60851168518836,13,59,0.585320198908497
"353","50-64 years","mean",1,NA,2.60851168518836,13,59,0.724580902708026
"354","50-64 years","upper",1,NA,2.60851168518836,13,59,0.79203633376589
"355","18-49 years","lower",1,NA,2.62531880350475,13,60,0.581821290153237
"356","18-49 years","mean",1,NA,2.62531880350475,13,60,0.721958411933394
"357","18-49 years","upper",1,NA,2.62531880350475,13,60,0.789838364418029
"358","50-64 years","lower",1,NA,2.62531880350475,13,60,0.581821290153245
"359","50-64 years","mean",1,NA,2.62531880350475,13,60,0.721958411933398
"360","50-64 years","upper",1,NA,2.62531880350475,13,60,0.78983836441803
"361","18-49 years","lower",1,NA,2.64184810545596,14,61,0.578338842543218
"362","18-49 years","mean",1,NA,2.64184810545596,14,61,0.719343274816741
"363","18-49 years","upper",1,NA,2.64184810545596,14,61,0.787643337221796
"364","50-64 years","lower",1,NA,2.64184810545596,14,61,0.578338842543225
"365","50-64 years","mean",1,NA,2.64184810545596,14,61,0.719343274816744
"366","50-64 years","upper",1,NA,2.64184810545596,14,61,0.787643337221798
"367","18-49 years","lower",1,NA,2.65810862632774,14,62,0.574872419306404
"368","18-49 years","mean",1,NA,2.65810862632774,14,62,0.716735296239675
"369","18-49 years","upper",1,NA,2.65810862632774,14,62,0.785451174111569
"370","50-64 years","lower",1,NA,2.65810862632774,14,62,0.574872419306412
"371","50-64 years","mean",1,NA,2.65810862632774,14,62,0.716735296239678
"372","50-64 years","upper",1,NA,2.65810862632774,14,62,0.78545117411157
"373","18-49 years","lower",1,NA,2.67410896767418,14,63,0.571421602084255
"374","18-49 years","mean",1,NA,2.67410896767418,14,63,0.714134289309635
"375","18-49 years","upper",1,NA,2.67410896767418,14,63,0.783261800312826
"376","50-64 years","lower",1,NA,2.67410896767418,14,63,0.571421602084263
"377","50-64 years","mean",1,NA,2.67410896767418,14,63,0.714134289309638
"378","50-64 years","upper",1,NA,2.67410896767418,14,63,0.783261800312827
"379","18-49 years","lower",1,NA,2.68985732464232,14,64,0.567985989876806
"380","18-49 years","mean",1,NA,2.68985732464232,14,64,0.711540074888621
"381","18-49 years","upper",1,NA,2.68985732464232,14,64,0.781075144153595
"382","50-64 years","lower",1,NA,2.68985732464232,14,64,0.567985989876813
"383","50-64 years","mean",1,NA,2.68985732464232,14,64,0.711540074888625
"384","50-64 years","upper",1,NA,2.68985732464232,14,64,0.781075144153597
"385","18-49 years","lower",1,NA,2.70536151117828,14,65,0.564565198063665
"386","18-49 years","mean",1,NA,2.70536151117828,14,65,0.708952481155857
"387","18-49 years","upper",1,NA,2.70536151117828,14,65,0.778891136889482
"388","50-64 years","lower",1,NA,2.70536151117828,14,65,0.564565198063673
"389","50-64 years","mean",1,NA,2.70536151117828,14,65,0.70895248115586
"390","50-64 years","upper",1,NA,2.70536151117828,14,65,0.778891136889483
"391","18-49 years","lower",1,NA,2.72062898330907,15,66,0.561158857494373
"392","18-49 years","mean",1,NA,2.72062898330907,15,66,0.706371343201415
"393","18-49 years","upper",1,NA,2.72062898330907,15,66,0.776709712541076
"394","50-64 years","lower",1,NA,2.72062898330907,15,66,0.561158857494381
"395","50-64 years","mean",1,NA,2.72062898330907,15,66,0.706371343201418
"396","50-64 years","upper",1,NA,2.72062898330907,15,66,0.776709712541077
"397","18-49 years","lower",1,NA,2.73566686067361,15,67,0.557766613642232
"398","18-49 years","mean",1,NA,2.73566686067361,15,67,0.703796502648219
"399","18-49 years","upper",1,NA,2.73566686067361,15,67,0.77453080774272
"400","50-64 years","lower",1,NA,2.73566686067361,15,67,0.55776661364224
"401","50-64 years","mean",1,NA,2.73566686067361,15,67,0.703796502648222
"402","50-64 years","upper",1,NA,2.73566686067361,15,67,0.774530807742722
"403","18-49 years","lower",1,NA,2.75048194645875,15,68,0.554388125816311
"404","18-49 years","mean",1,NA,2.75048194645875,15,68,0.701227807300018
"405","18-49 years","upper",1,NA,2.75048194645875,15,68,0.772354361601666
"406","50-64 years","lower",1,NA,2.75048194645875,15,68,0.554388125816318
"407","50-64 years","mean",1,NA,2.75048194645875,15,68,0.701227807300021
"408","50-64 years","upper",1,NA,2.75048194645875,15,68,0.772354361601667
"409","18-49 years","lower",1,NA,2.7650807458799,15,69,0.551023066426821
"410","18-49 years","mean",1,NA,2.7650807458799,15,69,0.698665110813212
"411","18-49 years","upper",1,NA,2.7650807458799,15,69,0.770180315566772
"412","50-64 years","lower",1,NA,2.7650807458799,15,69,0.551023066426829
"413","50-64 years","mean",1,NA,2.7650807458799,15,69,0.698665110813215
"414","50-64 years","upper",1,NA,2.7650807458799,15,69,0.770180315566774
"415","18-49 years","lower",1,NA,2.779469483332,16,70,0.547671120299546
"416","18-49 years","mean",1,NA,2.779469483332,16,70,0.696108272390586
"417","18-49 years","upper",1,NA,2.779469483332,16,70,0.768008613305973
"418","50-64 years","lower",1,NA,2.779469483332,16,70,0.547671120299554
"419","50-64 years","mean",1,NA,2.779469483332,16,70,0.69610827239059
"420","50-64 years","upper",1,NA,2.779469483332,16,70,0.768008613305974
"421","18-49 years","lower",1,NA,2.79365411832396,16,71,0.544331984035376
"422","18-49 years","mean",1,NA,2.79365411832396,16,71,0.6935571564952
"423","18-49 years","upper",1,NA,2.79365411832396,16,71,0.765839200591802
"424","50-64 years","lower",1,NA,2.79365411832396,16,71,0.544331984035384
"425","50-64 years","mean",1,NA,2.79365411832396,16,71,0.693557156495203
"426","50-64 years","upper",1,NA,2.79365411832396,16,71,0.765839200591804
"427","18-49 years","lower",1,NA,2.8076403602987,16,72,0.541005365411407
"428","18-49 years","mean",1,NA,2.8076403602987,16,72,0.691011632582836
"429","18-49 years","upper",1,NA,2.8076403602987,16,72,0.763672025194352
"430","50-64 years","lower",1,NA,2.8076403602987,16,72,0.541005365411415
"431","50-64 years","mean",1,NA,2.8076403602987,16,72,0.69101163258284
"432","50-64 years","upper",1,NA,2.8076403602987,16,72,0.763672025194354
"433","18-49 years","lower",1,NA,2.82143368243104,16,73,0.537690982820368
"434","18-49 years","mean",1,NA,2.82143368243104,16,73,0.688471574851583
"435","18-49 years","upper",1,NA,2.82143368243104,16,73,0.761507036781081
"436","50-64 years","lower",1,NA,2.82143368243104,16,73,0.537690982820376
"437","50-64 years","mean",1,NA,2.82143368243104,16,73,0.688471574851587
"438","50-64 years","upper",1,NA,2.82143368243104,16,73,0.761507036781082
"439","18-49 years","lower",1,NA,2.83503933448681,17,74,0.534388564745419
"440","18-49 years","mean",1,NA,2.83503933448681,17,74,0.685936862007209
"441","18-49 years","upper",1,NA,2.83503933448681,17,74,0.75934418682294
"442","50-64 years","lower",1,NA,2.83503933448681,17,74,0.534388564745427
"443","50-64 years","mean",1,NA,2.83503933448681,17,74,0.685936862007213
"444","50-64 years","upper",1,NA,2.83503933448681,17,74,0.759344186822941
"445","18-49 years","lower",1,NA,2.84846235481896,17,75,0.531097849267664
"446","18-49 years","mean",1,NA,2.84846235481896,17,75,0.683407377043153
"447","18-49 years","upper",1,NA,2.84846235481896,17,75,0.757183428506351
"448","50-64 years","lower",1,NA,2.84846235481896,17,75,0.531097849267672
"449","50-64 years","mean",1,NA,2.84846235481896,17,75,0.683407377043157
"450","50-64 years","upper",1,NA,2.84846235481896,17,75,0.757183428506353
"451","18-49 years","lower",1,NA,2.86170758156898,17,76,0.52781858360391
"452","18-49 years","mean",1,NA,2.86170758156898,17,76,0.680883007034031
"453","18-49 years","upper",1,NA,2.86170758156898,17,76,0.755024716650589
"454","50-64 years","lower",1,NA,2.86170758156898,17,76,0.527818583603918
"455","50-64 years","mean",1,NA,2.86170758156898,17,76,0.680883007034035
"456","50-64 years","upper",1,NA,2.86170758156898,17,76,0.755024716650591
"457","18-49 years","lower",1,NA,2.87477966313633,17,77,0.524550523672462
"458","18-49 years","mean",1,NA,2.87477966313633,17,77,0.678363642941665
"459","18-49 years","upper",1,NA,2.87477966313633,17,77,0.752868007630175
"460","50-64 years","lower",1,NA,2.87477966313633,17,77,0.52455052367247
"461","50-64 years","mean",1,NA,2.87477966313633,17,77,0.678363642941668
"462","50-64 years","upper",1,NA,2.87477966313633,17,77,0.752868007630176
"463","18-49 years","lower",1,NA,2.88768306797224,17,78,0.521293433684907
"464","18-49 years","mean",1,NA,2.88768306797224,17,78,0.675849179432717
"465","18-49 years","upper",1,NA,2.88768306797224,17,78,0.750713259301913
"466","50-64 years","lower",1,NA,2.88768306797224,17,78,0.521293433684915
"467","50-64 years","mean",1,NA,2.88768306797224,17,78,0.675849179432721
"468","50-64 years","upper",1,NA,2.88768306797224,17,78,0.750713259301914
"469","18-49 years","lower",1,NA,2.90042209374967,18,79,0.518047085762008
"470","18-49 years","mean",1,NA,2.90042209374967,18,79,0.673339514707106
"471","18-49 years","upper",1,NA,2.90042209374967,18,79,0.748560430936238
"472","50-64 years","lower",1,NA,2.90042209374967,18,79,0.518047085762016
"473","50-64 years","mean",1,NA,2.90042209374967,18,79,0.67333951470711
"474","50-64 years","upper",1,NA,2.90042209374967,18,79,0.74856043093624
"475","18-49 years","lower",1,NA,2.91300087595653,18,80,0.51481125957202
"476","18-49 years","mean",1,NA,2.91300087595653,18,80,0.670834550336423
"477","18-49 years","upper",1,NA,2.91300087595653,18,80,0.746409483152574
"478","50-64 years","lower",1,NA,2.91300087595653,18,80,0.514811259572029
"479","50-64 years","mean",1,NA,2.91300087595653,18,80,0.670834550336427
"480","50-64 years","upper",1,NA,2.91300087595653,18,80,0.746409483152575
"481","18-49 years","lower",1,NA,2.92542339595508,18,81,0.511585741989835
"482","18-49 years","mean",1,NA,2.92542339595508,18,81,0.66833419111167
"483","18-49 years","upper",1,NA,2.92542339595508,18,81,0.744260377858407
"484","50-64 years","lower",1,NA,2.92542339595508,18,81,0.511585741989843
"485","50-64 years","mean",1,NA,2.92542339595508,18,81,0.668334191111674
"486","50-64 years","upper",1,NA,2.92542339595508,18,81,0.744260377858409
"487","18-49 years","lower",1,NA,2.9376934885469,18,82,0.508370326775523
"488","18-49 years","mean",1,NA,2.9376934885469,18,82,0.665838344899653
"489","18-49 years","upper",1,NA,2.9376934885469,18,82,0.742113078191835
"490","50-64 years","lower",1,NA,2.9376934885469,18,82,0.508370326775532
"491","50-64 years","mean",1,NA,2.9376934885469,18,82,0.665838344899657
"492","50-64 years","upper",1,NA,2.9376934885469,18,82,0.742113078191837
"493","18-49 years","lower",1,NA,2.94981484907924,19,83,0.505164814270954
"494","18-49 years","mean",1,NA,2.94981484907924,19,83,0.663346922507451
"495","18-49 years","upper",1,NA,2.94981484907924,19,83,0.739967548467339
"496","50-64 years","lower",1,NA,2.94981484907924,19,83,0.505164814270962
"497","50-64 years","mean",1,NA,2.94981484907924,19,83,0.663346922507454
"498","50-64 years","upper",1,NA,2.94981484907924,19,83,0.739967548467341
"499","18-49 years","lower",1,NA,2.96179104012596,19,84,0.501969011113254
"500","18-49 years","mean",1,NA,2.96179104012596,19,84,0.660859837554414
"501","18-49 years","upper",1,NA,2.96179104012596,19,84,0.737823754124573
"502","50-64 years","lower",1,NA,2.96179104012596,19,84,0.501969011113262
"503","50-64 years","mean",1,NA,2.96179104012596,19,84,0.660859837554417
"504","50-64 years","upper",1,NA,2.96179104012596,19,84,0.737823754124575
"505","18-49 years","lower",1,NA,2.97362549777296,19,85,0.498782729964002
"506","18-49 years","mean",1,NA,2.97362549777296,19,85,0.658377006351184
"507","18-49 years","upper",1,NA,2.97362549777296,19,85,0.73568166167996
"508","50-64 years","lower",1,NA,2.97362549777296,19,85,0.49878272996401
"509","50-64 years","mean",1,NA,2.97362549777296,19,85,0.658377006351188
"510","50-64 years","upper",1,NA,2.97362549777296,19,85,0.73568166167996
"511","18-49 years","lower",1,NA,2.98532153753615,19,86,0.495605789253103
"512","18-49 years","mean",1,NA,2.98532153753615,19,86,0.655898347785277
"513","18-49 years","upper",1,NA,2.98532153753615,19,86,0.733541238680909
"514","50-64 years","lower",1,NA,2.98532153753615,19,86,0.495605789253111
"515","50-64 years","mean",1,NA,2.98532153753615,19,86,0.655898347785281
"516","50-64 years","upper",1,NA,2.98532153753615,19,86,0.733541238680911
"517","18-49 years","lower",1,NA,2.99688235993723,20,87,0.492438012936397
"518","18-49 years","mean",1,NA,2.99688235993723,20,87,0.653423783212801
"519","18-49 years","upper",1,NA,2.99688235993723,20,87,0.731402453662503
"520","50-64 years","lower",1,NA,2.99688235993723,20,87,0.492438012936405
"521","50-64 years","mean",1,NA,2.99688235993723,20,87,0.653423783212805
"522","50-64 years","upper",1,NA,2.99688235993723,20,87,0.731402453662505
"523","18-49 years","lower",1,NA,3.00831105576085,20,88,0.489279230266114
"524","18-49 years","mean",1,NA,3.00831105576085,20,88,0.650953236355909
"525","18-49 years","upper",1,NA,3.00831105576085,20,88,0.729265276106463
"526","50-64 years","lower",1,NA,3.00831105576085,20,88,0.489279230266123
"527","50-64 years","mean",1,NA,3.00831105576085,20,88,0.650953236355913
"528","50-64 years","upper",1,NA,3.00831105576085,20,88,0.729265276106465
"529","18-49 years","lower",1,NA,3.01961061101478,20,89,0.486129275573354
"530","18-49 years","mean",1,NA,3.01961061101478,20,89,0.64848663320563
"531","18-49 years","upper",1,NA,3.01961061101478,20,89,0.727129676402271
"532","50-64 years","lower",1,NA,3.01961061101478,20,89,0.486129275573363
"533","50-64 years","mean",1,NA,3.01961061101478,20,89,0.648486633205634
"534","50-64 years","upper",1,NA,3.01961061101478,20,89,0.727129676402272
"535","18-49 years","lower",1,NA,3.03078391161291,20,90,0.482987988061836
"536","18-49 years","mean",1,NA,3.03078391161291,20,90,0.646023901929729
"537","18-49 years","upper",1,NA,3.03078391161291,20,90,0.724995625810308
"538","50-64 years","lower",1,NA,3.03078391161291,20,90,0.482987988061844
"539","50-64 years","mean",1,NA,3.03078391161291,20,90,0.646023901929733
"540","50-64 years","upper",1,NA,3.03078391161291,20,90,0.724995625810309
"541","18-49 years","lower",1,NA,3.0418337477995,20,91,0.47985521161221
"542","18-49 years","mean",1,NA,3.0418337477995,20,91,0.643564972785288
"543","18-49 years","upper",1,NA,3.0418337477995,20,91,0.722863096426878
"544","50-64 years","lower",1,NA,3.0418337477995,20,91,0.479855211612219
"545","50-64 years","mean",1,NA,3.0418337477995,20,91,0.643564972785292
"546","50-64 years","upper",1,NA,3.0418337477995,20,91,0.722863096426879
"547","18-49 years","lower",1,NA,3.05276281833169,21,92,0.476730794596301
"548","18-49 years","mean",1,NA,3.05276281833169,21,92,0.641109778035723
"549","18-49 years","upper",1,NA,3.05276281833169,21,92,0.720732061151006
"550","50-64 years","lower",1,NA,3.05276281833169,21,92,0.476730794596309
"551","50-64 years","mean",1,NA,3.05276281833169,21,92,0.641109778035726
"552","50-64 years","upper",1,NA,3.05276281833169,21,92,0.720732061151007
"553","18-49 years","lower",1,NA,3.0635737344359,21,93,0.47361458970064
"554","18-49 years","mean",1,NA,3.0635737344359,21,93,0.638658251871952
"555","18-49 years","upper",1,NA,3.0635737344359,21,93,0.718602493652898
"556","50-64 years","lower",1,NA,3.0635737344359,21,93,0.473614589700649
"557","50-64 years","mean",1,NA,3.0635737344359,21,93,0.638658251871956
"558","50-64 years","upper",1,NA,3.0635737344359,21,93,0.7186024936529
"559","18-49 years","lower",1,NA,3.07426902355265,21,94,0.470506453758765
"560","18-49 years","mean",1,NA,3.07426902355265,21,94,0.636210330337477
"561","18-49 years","upper",1,NA,3.07426902355265,21,94,0.716474368343968
"562","50-64 years","lower",1,NA,3.07426902355265,21,94,0.470506453758773
"563","50-64 years","mean",1,NA,3.07426902355265,21,94,0.636210330337481
"564","50-64 years","upper",1,NA,3.07426902355265,21,94,0.716474368343969
"565","18-49 years","lower",1,NA,3.08485113288319,21,95,0.467406247591739
"566","18-49 years","mean",1,NA,3.08485113288319,21,95,0.63376595125714
"567","18-49 years","upper",1,NA,3.08485113288319,21,95,0.714347660348331
"568","50-64 years","lower",1,NA,3.08485113288319,21,95,0.467406247591748
"569","50-64 years","mean",1,NA,3.08485113288319,21,95,0.633765951257144
"570","50-64 years","upper",1,NA,3.08485113288319,21,95,0.714347660348333
"571","18-49 years","lower",1,NA,3.09532243275048,22,96,0.464313835856418
"572","18-49 years","mean",1,NA,3.09532243275048,22,96,0.631325054169342
"573","18-49 years","upper",1,NA,3.09532243275048,22,96,0.712222345475688
"574","50-64 years","lower",1,NA,3.09532243275048,22,96,0.464313835856427
"575","50-64 years","mean",1,NA,3.09532243275048,22,96,0.631325054169346
"576","50-64 years","upper",1,NA,3.09532243275048,22,96,0.712222345475689
"577","18-49 years","lower",1,NA,3.10568521978603,22,97,0.461229086900998
"578","18-49 years","mean",1,NA,3.10568521978603,22,97,0.628887580261506
"579","18-49 years","upper",1,NA,3.10568521978603,22,97,0.710098400195502
"580","50-64 years","lower",1,NA,3.10568521978603,22,97,0.461229086901007
"581","50-64 years","mean",1,NA,3.10568521978603,22,97,0.62888758026151
"582","50-64 years","upper",1,NA,3.10568521978603,22,97,0.710098400195503
"583","18-49 years","lower",1,NA,3.11594171995322,22,98,0.45815187262744
"584","18-49 years","mean",1,NA,3.11594171995322,22,98,0.626453472308625
"585","18-49 years","upper",1,NA,3.11594171995322,22,98,0.707975801612412
"586","50-64 years","lower",1,NA,3.11594171995322,22,98,0.458151872627449
"587","50-64 years","mean",1,NA,3.11594171995322,22,98,0.626453472308629
"588","50-64 years","upper",1,NA,3.11594171995322,22,98,0.707975801612414
"589","18-49 years","lower",1,NA,3.12609409141723,22,99,0.455082068360365
"590","18-49 years","mean",1,NA,3.12609409141723,22,99,0.62402267461469
"591","18-49 years","upper",1,NA,3.12609409141723,22,99,0.705854527442802
"592","50-64 years","lower",1,NA,3.12609409141723,22,99,0.455082068360374
"593","50-64 years","mean",1,NA,3.12609409141723,22,99,0.624022674614694
"594","50-64 years","upper",1,NA,3.12609409141723,22,99,0.705854527442803
"595","18-49 years","lower",1,NA,3.13614442727074,23,100,0.45201955272206
"596","18-49 years","mean",1,NA,3.13614442727074,23,100,0.621595132956852
"597","18-49 years","upper",1,NA,3.13614442727074,23,100,0.703734555992455
"598","50-64 years","lower",1,NA,3.13614442727074,23,100,0.452019552722069
"599","50-64 years","mean",1,NA,3.13614442727074,23,100,0.621595132956856
"600","50-64 years","upper",1,NA,3.13614442727074,23,100,0.703734555992457
"601","18-49 years","lower",1,NA,3.1460947581239,23,101,0.448964207513243
"602","18-49 years","mean",1,NA,3.1460947581239,23,101,0.619170794532158
"603","18-49 years","upper",1,NA,3.1460947581239,23,101,0.701615866135247
"604","50-64 years","lower",1,NA,3.1460947581239,23,101,0.448964207513252
"605","50-64 years","mean",1,NA,3.1460947581239,23,101,0.619170794532162
"606","50-64 years","upper",1,NA,3.1460947581239,23,101,0.701615866135248
"607","18-49 years","lower",1,NA,3.15594705456692,23,102,0.445915917599285
"608","18-49 years","mean",1,NA,3.15594705456692,23,102,0.61674960790672
"609","18-49 years","upper",1,NA,3.15594705456692,23,102,0.699498437292807
"610","50-64 years","lower",1,NA,3.15594705456692,23,102,0.445915917599295
"611","50-64 years","mean",1,NA,3.15594705456692,23,102,0.616749607906724
"612","50-64 years","upper",1,NA,3.15594705456692,23,102,0.699498437292808
"613","18-49 years","lower",1,NA,3.16570322951228,23,103,0.442874570801568
"614","18-49 years","mean",1,NA,3.16570322951228,23,103,0.614331522967184
"615","18-49 years","upper",1,NA,3.16570322951228,23,103,0.697382249415102
"616","50-64 years","lower",1,NA,3.16570322951228,23,103,0.442874570801577
"617","50-64 years","mean",1,NA,3.16570322951228,23,103,0.614331522967188
"618","50-64 years","upper",1,NA,3.16570322951228,23,103,0.697382249415103
"619","18-49 years","lower",1,NA,3.17536514042402,23,104,0.439840057793709
"620","18-49 years","mean",1,NA,3.17536514042402,23,104,0.611916490874372
"621","18-49 years","upper",1,NA,3.17536514042402,23,104,0.695267282961889
"622","50-64 years","lower",1,NA,3.17536514042402,23,104,0.439840057793718
"623","50-64 years","mean",1,NA,3.17536514042402,23,104,0.611916490874376
"624","50-64 years","upper",1,NA,3.17536514042402,23,104,0.69526728296189
"625","65-74 years","lower",1,NA,-1.46902575871736,0,1,0.8931463695899
"626","65-74 years","mean",1,NA,-1.46902575871736,0,1,0.923542449827612
"627","65-74 years","upper",1,NA,-1.46902575871736,0,1,0.938265775496394
"628","65-74 years","lower",1,NA,-0.77587857815741,0,2,0.875008762939235
"629","65-74 years","mean",1,NA,-0.77587857815741,0,2,0.914380439718591
"630","65-74 years","upper",1,NA,-0.77587857815741,0,2,0.933451386196396
"631","65-74 years","lower",1,NA,-0.370413470049246,0,3,0.86146592517775
"632","65-74 years","mean",1,NA,-0.370413470049246,0,3,0.907271042499223
"633","65-74 years","upper",1,NA,-0.370413470049246,0,3,0.929458234214294
"634","65-74 years","lower",1,NA,-0.0827313975974646,0,4,0.850165925333843
"635","65-74 years","mean",1,NA,-0.0827313975974646,0,4,0.901163584252208
"636","65-74 years","upper",1,NA,-0.0827313975974646,0,4,0.92586595162091
"637","65-74 years","lower",1,NA,0.140412153716745,1,5,0.840244723705254
"638","65-74 years","mean",1,NA,0.140412153716745,1,5,0.895672074066401
"639","65-74 years","upper",1,NA,0.140412153716745,1,5,0.922520105915993
"640","65-74 years","lower",1,NA,0.3227337105107,1,6,0.831274636552046
"641","65-74 years","mean",1,NA,0.3227337105107,1,6,0.89060545354943
"642","65-74 years","upper",1,NA,0.3227337105107,1,6,0.919344255856038
"643","65-74 years","lower",1,NA,0.476884390337958,1,7,0.82300840911296
"644","65-74 years","mean",1,NA,0.476884390337958,1,7,0.885853267023931
"645","65-74 years","upper",1,NA,0.476884390337958,1,7,0.916294208829433
"646","65-74 years","lower",1,NA,0.610415782962481,1,8,0.815288468722317
"647","65-74 years","mean",1,NA,0.610415782962481,1,8,0.88134512233473
"648","65-74 years","upper",1,NA,0.610415782962481,1,8,0.913341801384118
"649","65-74 years","lower",1,NA,0.728198818618864,2,9,0.808007396237439
"650","65-74 years","mean",1,NA,0.728198818618864,2,9,0.877033032320304
"651","65-74 years","upper",1,NA,0.728198818618864,2,9,0.910467834163009
"652","65-74 years","lower",1,NA,0.83355933427669,2,10,0.801088241620895
"653","65-74 years","mean",1,NA,0.83355933427669,2,10,0.872882621228029
"654","65-74 years","upper",1,NA,0.83355933427669,2,10,0.907658553646858
"655","65-74 years","lower",1,NA,0.928869514081015,2,11,0.794473742634551
"656","65-74 years","mean",1,NA,0.928869514081015,2,11,0.868868308400658
"657","65-74 years","upper",1,NA,0.928869514081015,2,11,0.904903725177952
"658","65-74 years","lower",1,NA,1.01588089107064,2,12,0.788119981648528
"659","65-74 years","mean",1,NA,1.01588089107064,2,12,0.864970474593928
"660","65-74 years","upper",1,NA,1.01588089107064,2,12,0.902195499221865
"661","65-74 years","lower",1,NA,1.09592359874418,2,13,0.78199243875125
"662","65-74 years","mean",1,NA,1.09592359874418,2,13,0.861173698789467
"663","65-74 years","upper",1,NA,1.09592359874418,2,13,0.899527705927559
"664","65-74 years","lower",1,NA,1.1700315708979,3,14,0.776063422689767
"665","65-74 years","mean",1,NA,1.1700315708979,3,14,0.857465610523362
"666","65-74 years","upper",1,NA,1.1700315708979,3,14,0.896895395951367
"667","65-74 years","lower",1,NA,1.23902444238485,3,15,0.770310335427159
"668","65-74 years","mean",1,NA,1.23902444238485,3,15,0.853836114614989
"669","65-74 years","upper",1,NA,1.23902444238485,3,15,0.894294530275948
"670","65-74 years","lower",1,NA,1.30356296352243,3,16,0.76471446276785
"671","65-74 years","mean",1,NA,1.30356296352243,3,16,0.850276850905221
"672","65-74 years","upper",1,NA,1.30356296352243,3,16,0.891721764054986
"673","65-74 years","lower",1,NA,1.36418758533886,3,17,0.759260108963014
"674","65-74 years","mean",1,NA,1.36418758533886,3,17,0.846780807660253
"675","65-74 years","upper",1,NA,1.36418758533886,3,17,0.889174291938534
"676","65-74 years","lower",1,NA,1.42134599917881,4,18,0.753933963160535
"677","65-74 years","mean",1,NA,1.42134599917881,4,18,0.84334203854692
"678","65-74 years","upper",1,NA,1.42134599917881,4,18,0.88664973483664
"679","65-74 years","lower",1,NA,1.47541322044909,4,19,0.748724626272386
"680","65-74 years","mean",1,NA,1.47541322044909,4,19,0.839955451271013
"681","65-74 years","upper",1,NA,1.47541322044909,4,19,0.88414605535489
"682","65-74 years","lower",1,NA,1.52670651483664,4,20,0.743622251410777
"683","65-74 years","mean",1,NA,1.52670651483664,4,20,0.836616646949957
"684","65-74 years","upper",1,NA,1.52670651483664,4,20,0.881661493528436
"685","65-74 years","lower",1,NA,1.57549667900607,4,21,0.738618266366903
"686","65-74 years","mean",1,NA,1.57549667900607,4,21,0.833321796136239
"687","65-74 years","upper",1,NA,1.57549667900607,4,21,0.879194517219768
"688","65-74 years","lower",1,NA,1.62201669464096,5,22,0.733705156430925
"689","65-74 years","mean",1,NA,1.62201669464096,5,22,0.830067541796972
"690","65-74 years","upper",1,NA,1.62201669464096,5,22,0.876743783301452
"691","65-74 years","lower",1,NA,1.66646845721179,5,23,0.728876292310194
"692","65-74 years","mean",1,NA,1.66646845721179,5,23,0.826850922440104
"693","65-74 years","upper",1,NA,1.66646845721179,5,23,0.874308106899416
"694","65-74 years","lower",1,NA,1.70902807163059,5,24,0.72412579224374
"695","65-74 years","mean",1,NA,1.70902807163059,5,24,0.823669310517076
"696","65-74 years","upper",1,NA,1.70902807163059,5,24,0.871886436748252
"697","65-74 years","lower",1,NA,1.74985006615085,5,25,0.71944841038757
"698","65-74 years","mean",1,NA,1.74985006615085,5,25,0.820520362561381
"699","65-74 years","upper",1,NA,1.74985006615085,5,25,0.869477835241963
"700","65-74 years","lower",1,NA,1.78907077930413,5,26,0.714839445623366
"701","65-74 years","mean",1,NA,1.78907077930413,5,26,0.817401978450838
"702","65-74 years","upper",1,NA,1.78907077930413,5,26,0.86708146213507
"703","65-74 years","lower",1,NA,1.82681110728697,6,27,0.710294666417957
"704","65-74 years","mean",1,NA,1.82681110728697,6,27,0.814312267840202
"705","65-74 years","upper",1,NA,1.82681110728697,6,27,0.864696561112503
"706","65-74 years","lower",1,NA,1.86317875145785,6,28,0.705810248423239
"707","65-74 years","mean",1,NA,1.86317875145785,6,28,0.811249522285281
"708","65-74 years","upper",1,NA,1.86317875145785,6,28,0.862322448636643
"709","65-74 years","lower",1,NA,1.89827007126912,6,29,0.701382722281924
"710","65-74 years","mean",1,NA,1.89827007126912,6,29,0.808212191926299
"711","65-74 years","upper",1,NA,1.89827007126912,6,29,0.859958504618485
"712","65-74 years","lower",1,NA,1.9321716229448,6,30,0.697008929678205
"713","65-74 years","mean",1,NA,1.9321716229448,6,30,0.805198865854483
"714","65-74 years","upper",1,NA,1.9321716229448,6,30,0.857604164562433
"715","65-74 years","lower",1,NA,1.96496144576779,7,31,0.692685986101512
"716","65-74 years","mean",1,NA,1.96496144576779,7,31,0.802208255477584
"717","65-74 years","upper",1,NA,1.96496144576779,7,31,0.855258912910951
"718","65-74 years","lower",1,NA,1.99671014408237,7,32,0.688411249116045
"719","65-74 years","mean",1,NA,1.99671014408237,7,32,0.799239180344982
"720","65-74 years","upper",1,NA,1.99671014408237,7,32,0.85292227737328
"721","65-74 years","lower",1,NA,2.02748180274912,7,33,0.684182291176608
"722","65-74 years","mean",1,NA,2.02748180274912,7,33,0.796290556003752
"723","65-74 years","upper",1,NA,2.02748180274912,7,33,0.850593824066725
"724","65-74 years","lower",1,NA,2.05733476589881,7,34,0.679996876222275
"725","65-74 years","mean",1,NA,2.05733476589881,7,34,0.793361383542395
"726","65-74 years","upper",1,NA,2.05733476589881,7,34,0.848273153333171
"727","65-74 years","lower",1,NA,2.08632230277206,8,35,0.67585293942796
"728","65-74 years","mean",1,NA,2.08632230277206,8,35,0.790450740545294
"729","65-74 years","upper",1,NA,2.08632230277206,8,35,0.845959896120015
"730","65-74 years","lower",1,NA,2.11449317973875,8,36,0.671748569610399
"731","65-74 years","mean",1,NA,2.11449317973875,8,36,0.787557773232965
"732","65-74 years","upper",1,NA,2.11449317973875,8,36,0.843653710835534
"733","65-74 years","lower",1,NA,2.14189215392687,8,37,0.667681993876968
"734","65-74 years","mean",1,NA,2.14189215392687,8,37,0.784681689604258
"735","65-74 years","upper",1,NA,2.14189215392687,8,37,0.841354280605123
"736","65-74 years","lower",1,NA,2.16856040100903,8,38,0.663651564178939
"737","65-74 years","mean",1,NA,2.16856040100903,8,38,0.781821753429311
"738","65-74 years","upper",1,NA,2.16856040100903,8,38,0.839061310867913
"739","65-74 years","lower",1,NA,2.19453588741229,8,39,0.659655745489328
"740","65-74 years","mean",1,NA,2.19453588741229,8,39,0.778977278968264
"741","65-74 years","upper",1,NA,2.19453588741229,8,39,0.836774527263761
"742","65-74 years","lower",1,NA,2.21985369539658,9,40,0.655693105372689
"743","65-74 years","mean",1,NA,2.21985369539658,9,40,0.776147626311792
"744","65-74 years","upper",1,NA,2.21985369539658,9,40,0.834493673769031
"745","65-74 years","lower",1,NA,2.24454630798695,9,41,0.651762304752476
"746","65-74 years","mean",1,NA,2.24454630798695,9,41,0.773332197256624
"747","65-74 years","upper",1,NA,2.24454630798695,9,41,0.832218511046412
"748","65-74 years","lower",1,NA,2.26864385956601,9,42,0.647862089712793
"749","65-74 years","mean",1,NA,2.26864385956601,9,42,0.770530431643155
"750","65-74 years","upper",1,NA,2.26864385956601,9,42,0.829948814979618
"751","65-74 years","lower",1,NA,2.29217435697621,9,43,0.643991284196921
"752","65-74 years","mean",1,NA,2.29217435697621,9,43,0.767741804093669
"753","65-74 years","upper",1,NA,2.29217435697621,9,43,0.827684375368381
"754","65-74 years","lower",1,NA,2.31516387520091,10,44,0.640148783486066
"755","65-74 years","mean",1,NA,2.31516387520091,10,44,0.764965821099113
"756","65-74 years","upper",1,NA,2.31516387520091,10,44,0.825424994762877
"757","65-74 years","lower",1,NA,2.33763673105296,10,45,0.636333548359224
"758","65-74 years","mean",1,NA,2.33763673105296,10,45,0.762202018410149
"759","65-74 years","upper",1,NA,2.33763673105296,10,45,0.823170487419909
"760","65-74 years","lower",1,NA,2.35961563777174,10,46,0.632544599849553
"761","65-74 years","mean",1,NA,2.35961563777174,10,46,0.759449958694668
"762","65-74 years","upper",1,NA,2.35961563777174,10,46,0.820920678365691
"763","65-74 years","lower",1,NA,2.3811218429927,10,47,0.628781014524747
"764","65-74 years","mean",1,NA,2.3811218429927,10,47,0.756709229429409
"765","65-74 years","upper",1,NA,2.3811218429927,10,47,0.818675402552298
"766","65-74 years","lower",1,NA,2.40217525219054,11,48,0.625041920229086
"767","65-74 years","mean",1,NA,2.40217525219054,11,48,0.753979440997806
"768","65-74 years","upper",1,NA,2.40217525219054,11,48,0.81643450409663
"769","65-74 years","lower",1,NA,2.42279453939327,11,49,0.621326492233353
"770","65-74 years","mean",1,NA,2.42279453939327,11,49,0.75126022497005
"771","65-74 years","upper",1,NA,2.42279453939327,11,49,0.814197835592271
"772","65-74 years","lower",1,NA,2.44299724671079,11,50,0.617633949746094
"773","65-74 years","mean",1,NA,2.44299724671079,11,50,0.748551232544572
"774","65-74 years","upper",1,NA,2.44299724671079,11,50,0.811965257485938
"775","65-74 years","lower",1,NA,2.46279987400697,11,51,0.61396355274577
"776","65-74 years","mean",1,NA,2.46279987400697,11,51,0.745852133132872
"777","65-74 years","upper",1,NA,2.46279987400697,11,51,0.809736637511284
"778","65-74 years","lower",1,NA,2.48221795986407,11,52,0.610314599098619
"779","65-74 years","mean",1,NA,2.48221795986407,11,52,0.743162613071991
"780","65-74 years","upper",1,NA,2.48221795986407,11,52,0.807511850173759
"781","65-74 years","lower",1,NA,2.50126615483477,12,53,0.606686421931484
"782","65-74 years","mean",1,NA,2.50126615483477,12,53,0.740482374450876
"783","65-74 years","upper",1,NA,2.50126615483477,12,53,0.805290776281052
"784","65-74 years","lower",1,NA,2.51995828784692,12,54,0.603078387232693
"785","65-74 years","mean",1,NA,2.51995828784692,12,54,0.737811134038626
"786","65-74 years","upper",1,NA,2.51995828784692,12,54,0.803073302514288
"787","65-74 years","lower",1,NA,2.53830742651512,12,55,0.599489891657351
"788","65-74 years","mean",1,NA,2.53830742651512,12,55,0.735148622304055
"789","65-74 years","upper",1,NA,2.53830742651512,12,55,0.80085932103576
"790","65-74 years","lower",1,NA,2.55632593201779,12,56,0.595920360516258
"791","65-74 years","mean",1,NA,2.55632593201779,12,56,0.732494582517284
"792","65-74 years","upper",1,NA,2.55632593201779,12,56,0.79864872912948
"793","65-74 years","lower",1,NA,2.5740255091172,13,57,0.592369245930083
"794","65-74 years","mean",1,NA,2.5740255091172,13,57,0.729848769925161
"795","65-74 years","upper",1,NA,2.5740255091172,13,57,0.796441428871276
"796","65-74 years","lower",1,NA,2.59141725182906,13,58,0.588836025132588
"797","65-74 years","mean",1,NA,2.59141725182906,13,58,0.727210950993257
"798","65-74 years","upper",1,NA,2.59141725182906,13,58,0.794237326825511
"799","65-74 years","lower",1,NA,2.60851168518836,13,59,0.585320198908497
"800","65-74 years","mean",1,NA,2.60851168518836,13,59,0.724580902708026
"801","65-74 years","upper",1,NA,2.60851168518836,13,59,0.79203633376589
"802","65-74 years","lower",1,NA,2.62531880350475,13,60,0.581821290153245
"803","65-74 years","mean",1,NA,2.62531880350475,13,60,0.721958411933398
"804","65-74 years","upper",1,NA,2.62531880350475,13,60,0.78983836441803
"805","65-74 years","lower",1,NA,2.64184810545596,14,61,0.578338842543225
"806","65-74 years","mean",1,NA,2.64184810545596,14,61,0.719343274816744
"807","65-74 years","upper",1,NA,2.64184810545596,14,61,0.787643337221798
"808","65-74 years","lower",1,NA,2.65810862632774,14,62,0.574872419306412
"809","65-74 years","mean",1,NA,2.65810862632774,14,62,0.716735296239678
"810","65-74 years","upper",1,NA,2.65810862632774,14,62,0.78545117411157
"811","65-74 years","lower",1,NA,2.67410896767418,14,63,0.571421602084263
"812","65-74 years","mean",1,NA,2.67410896767418,14,63,0.714134289309638
"813","65-74 years","upper",1,NA,2.67410896767418,14,63,0.783261800312827
"814","65-74 years","lower",1,NA,2.68985732464232,14,64,0.567985989876813
"815","65-74 years","mean",1,NA,2.68985732464232,14,64,0.711540074888625
"816","65-74 years","upper",1,NA,2.68985732464232,14,64,0.781075144153597
"817","65-74 years","lower",1,NA,2.70536151117828,14,65,0.564565198063673
"818","65-74 years","mean",1,NA,2.70536151117828,14,65,0.70895248115586
"819","65-74 years","upper",1,NA,2.70536151117828,14,65,0.778891136889483
"820","65-74 years","lower",1,NA,2.72062898330907,15,66,0.561158857494381
"821","65-74 years","mean",1,NA,2.72062898330907,15,66,0.706371343201418
"822","65-74 years","upper",1,NA,2.72062898330907,15,66,0.776709712541077
"823","65-74 years","lower",1,NA,2.73566686067361,15,67,0.55776661364224
"824","65-74 years","mean",1,NA,2.73566686067361,15,67,0.703796502648222
"825","65-74 years","upper",1,NA,2.73566686067361,15,67,0.774530807742722
"826","65-74 years","lower",1,NA,2.75048194645875,15,68,0.554388125816318
"827","65-74 years","mean",1,NA,2.75048194645875,15,68,0.701227807300021
"828","65-74 years","upper",1,NA,2.75048194645875,15,68,0.772354361601667
"829","65-74 years","lower",1,NA,2.7650807458799,15,69,0.551023066426829
"830","65-74 years","mean",1,NA,2.7650807458799,15,69,0.698665110813215
"831","65-74 years","upper",1,NA,2.7650807458799,15,69,0.770180315566774
"832","65-74 years","lower",1,NA,2.779469483332,16,70,0.547671120299554
"833","65-74 years","mean",1,NA,2.779469483332,16,70,0.69610827239059
"834","65-74 years","upper",1,NA,2.779469483332,16,70,0.768008613305974
"835","65-74 years","lower",1,NA,2.79365411832396,16,71,0.544331984035384
"836","65-74 years","mean",1,NA,2.79365411832396,16,71,0.693557156495203
"837","65-74 years","upper",1,NA,2.79365411832396,16,71,0.765839200591804
"838","65-74 years","lower",1,NA,2.8076403602987,16,72,0.541005365411415
"839","65-74 years","mean",1,NA,2.8076403602987,16,72,0.69101163258284
"840","65-74 years","upper",1,NA,2.8076403602987,16,72,0.763672025194354
"841","65-74 years","lower",1,NA,2.82143368243104,16,73,0.537690982820376
"842","65-74 years","mean",1,NA,2.82143368243104,16,73,0.688471574851587
"843","65-74 years","upper",1,NA,2.82143368243104,16,73,0.761507036781082
"844","65-74 years","lower",1,NA,2.83503933448681,17,74,0.534388564745427
"845","65-74 years","mean",1,NA,2.83503933448681,17,74,0.685936862007213
"846","65-74 years","upper",1,NA,2.83503933448681,17,74,0.759344186822941
"847","65-74 years","lower",1,NA,2.84846235481896,17,75,0.531097849267672
"848","65-74 years","mean",1,NA,2.84846235481896,17,75,0.683407377043157
"849","65-74 years","upper",1,NA,2.84846235481896,17,75,0.757183428506353
"850","65-74 years","lower",1,NA,2.86170758156898,17,76,0.527818583603918
"851","65-74 years","mean",1,NA,2.86170758156898,17,76,0.680883007034035
"852","65-74 years","upper",1,NA,2.86170758156898,17,76,0.755024716650591
"853","65-74 years","lower",1,NA,2.87477966313633,17,77,0.52455052367247
"854","65-74 years","mean",1,NA,2.87477966313633,17,77,0.678363642941668
"855","65-74 years","upper",1,NA,2.87477966313633,17,77,0.752868007630176
"856","65-74 years","lower",1,NA,2.88768306797224,17,78,0.521293433684915
"857","65-74 years","mean",1,NA,2.88768306797224,17,78,0.675849179432721
"858","65-74 years","upper",1,NA,2.88768306797224,17,78,0.750713259301914
"859","65-74 years","lower",1,NA,2.90042209374967,18,79,0.518047085762016
"860","65-74 years","mean",1,NA,2.90042209374967,18,79,0.67333951470711
"861","65-74 years","upper",1,NA,2.90042209374967,18,79,0.74856043093624
"862","65-74 years","lower",1,NA,2.91300087595653,18,80,0.514811259572029
"863","65-74 years","mean",1,NA,2.91300087595653,18,80,0.670834550336427
"864","65-74 years","upper",1,NA,2.91300087595653,18,80,0.746409483152575
"865","65-74 years","lower",1,NA,2.92542339595508,18,81,0.511585741989843
"866","65-74 years","mean",1,NA,2.92542339595508,18,81,0.668334191111674
"867","65-74 years","upper",1,NA,2.92542339595508,18,81,0.744260377858409
"868","65-74 years","lower",1,NA,2.9376934885469,18,82,0.508370326775532
"869","65-74 years","mean",1,NA,2.9376934885469,18,82,0.665838344899657
"870","65-74 years","upper",1,NA,2.9376934885469,18,82,0.742113078191837
"871","65-74 years","lower",1,NA,2.94981484907924,19,83,0.505164814270962
"872","65-74 years","mean",1,NA,2.94981484907924,19,83,0.663346922507454
"873","65-74 years","upper",1,NA,2.94981484907924,19,83,0.739967548467341
"874","65-74 years","lower",1,NA,2.96179104012596,19,84,0.501969011113262
"875","65-74 years","mean",1,NA,2.96179104012596,19,84,0.660859837554417
"876","65-74 years","upper",1,NA,2.96179104012596,19,84,0.737823754124575
"877","65-74 years","lower",1,NA,2.97362549777296,19,85,0.49878272996401
"878","65-74 years","mean",1,NA,2.97362549777296,19,85,0.658377006351188
"879","65-74 years","upper",1,NA,2.97362549777296,19,85,0.73568166167996
"880","65-74 years","lower",1,NA,2.98532153753615,19,86,0.495605789253111
"881","65-74 years","mean",1,NA,2.98532153753615,19,86,0.655898347785281
"882","65-74 years","upper",1,NA,2.98532153753615,19,86,0.733541238680911
"883","65-74 years","lower",1,NA,2.99688235993723,20,87,0.492438012936405
"884","65-74 years","mean",1,NA,2.99688235993723,20,87,0.653423783212805
"885","65-74 years","upper",1,NA,2.99688235993723,20,87,0.731402453662505
"886","65-74 years","lower",1,NA,3.00831105576085,20,88,0.489279230266123
"887","65-74 years","mean",1,NA,3.00831105576085,20,88,0.650953236355913
"888","65-74 years","upper",1,NA,3.00831105576085,20,88,0.729265276106465
"889","65-74 years","lower",1,NA,3.01961061101478,20,89,0.486129275573363
"890","65-74 years","mean",1,NA,3.01961061101478,20,89,0.648486633205634
"891","65-74 years","upper",1,NA,3.01961061101478,20,89,0.727129676402272
"892","65-74 years","lower",1,NA,3.03078391161291,20,90,0.482987988061844
"893","65-74 years","mean",1,NA,3.03078391161291,20,90,0.646023901929733
"894","65-74 years","upper",1,NA,3.03078391161291,20,90,0.724995625810309
"895","65-74 years","lower",1,NA,3.0418337477995,20,91,0.479855211612219
"896","65-74 years","mean",1,NA,3.0418337477995,20,91,0.643564972785292
"897","65-74 years","upper",1,NA,3.0418337477995,20,91,0.722863096426879
"898","65-74 years","lower",1,NA,3.05276281833169,21,92,0.476730794596309
"899","65-74 years","mean",1,NA,3.05276281833169,21,92,0.641109778035726
"900","65-74 years","upper",1,NA,3.05276281833169,21,92,0.720732061151007
"901","65-74 years","lower",1,NA,3.0635737344359,21,93,0.473614589700649
"902","65-74 years","mean",1,NA,3.0635737344359,21,93,0.638658251871956
"903","65-74 years","upper",1,NA,3.0635737344359,21,93,0.7186024936529
"904","65-74 years","lower",1,NA,3.07426902355265,21,94,0.470506453758773
"905","65-74 years","mean",1,NA,3.07426902355265,21,94,0.636210330337481
"906","65-74 years","upper",1,NA,3.07426902355265,21,94,0.716474368343969
"907","65-74 years","lower",1,NA,3.08485113288319,21,95,0.467406247591748
"908","65-74 years","mean",1,NA,3.08485113288319,21,95,0.633765951257144
"909","65-74 years","upper",1,NA,3.08485113288319,21,95,0.714347660348333
"910","65-74 years","lower",1,NA,3.09532243275048,22,96,0.464313835856427
"911","65-74 years","mean",1,NA,3.09532243275048,22,96,0.631325054169346
"912","65-74 years","upper",1,NA,3.09532243275048,22,96,0.712222345475689
"913","65-74 years","lower",1,NA,3.10568521978603,22,97,0.461229086901007
"914","65-74 years","mean",1,NA,3.10568521978603,22,97,0.62888758026151
"915","65-74 years","upper",1,NA,3.10568521978603,22,97,0.710098400195503
"916","65-74 years","lower",1,NA,3.11594171995322,22,98,0.458151872627449
"917","65-74 years","mean",1,NA,3.11594171995322,22,98,0.626453472308629
"918","65-74 years","upper",1,NA,3.11594171995322,22,98,0.707975801612414
"919","65-74 years","lower",1,NA,3.12609409141723,22,99,0.455082068360374
"920","65-74 years","mean",1,NA,3.12609409141723,22,99,0.624022674614694
"921","65-74 years","upper",1,NA,3.12609409141723,22,99,0.705854527442803
"922","65-74 years","lower",1,NA,3.13614442727074,23,100,0.452019552722069
"923","65-74 years","mean",1,NA,3.13614442727074,23,100,0.621595132956856
"924","65-74 years","upper",1,NA,3.13614442727074,23,100,0.703734555992457
"925","65-74 years","lower",1,NA,3.1460947581239,23,101,0.448964207513252
"926","65-74 years","mean",1,NA,3.1460947581239,23,101,0.619170794532162
"927","65-74 years","upper",1,NA,3.1460947581239,23,101,0.701615866135248
"928","65-74 years","lower",1,NA,3.15594705456692,23,102,0.445915917599295
"929","65-74 years","mean",1,NA,3.15594705456692,23,102,0.616749607906724
"930","65-74 years","upper",1,NA,3.15594705456692,23,102,0.699498437292808
"931","65-74 years","lower",1,NA,3.16570322951228,23,103,0.442874570801577
"932","65-74 years","mean",1,NA,3.16570322951228,23,103,0.614331522967188
"933","65-74 years","upper",1,NA,3.16570322951228,23,103,0.697382249415103
"934","65-74 years","lower",1,NA,3.17536514042402,23,104,0.439840057793718
"935","65-74 years","mean",1,NA,3.17536514042402,23,104,0.611916490874376
"936","65-74 years","upper",1,NA,3.17536514042402,23,104,0.69526728296189
"937","75+ years","lower",1,NA,-1.46902575871736,0,1,0.8931463695899
"938","75+ years","mean",1,NA,-1.46902575871736,0,1,0.923542449827612
"939","75+ years","upper",1,NA,-1.46902575871736,0,1,0.938265775496394
"940","75+ years","lower",1,NA,-0.77587857815741,0,2,0.875008762939235
"941","75+ years","mean",1,NA,-0.77587857815741,0,2,0.914380439718591
"942","75+ years","upper",1,NA,-0.77587857815741,0,2,0.933451386196396
"943","75+ years","lower",1,NA,-0.370413470049246,0,3,0.86146592517775
"944","75+ years","mean",1,NA,-0.370413470049246,0,3,0.907271042499223
"945","75+ years","upper",1,NA,-0.370413470049246,0,3,0.929458234214294
"946","75+ years","lower",1,NA,-0.0827313975974646,0,4,0.850165925333843
"947","75+ years","mean",1,NA,-0.0827313975974646,0,4,0.901163584252208
"948","75+ years","upper",1,NA,-0.0827313975974646,0,4,0.92586595162091
"949","75+ years","lower",1,NA,0.140412153716745,1,5,0.840244723705254
"950","75+ years","mean",1,NA,0.140412153716745,1,5,0.895672074066401
"951","75+ years","upper",1,NA,0.140412153716745,1,5,0.922520105915993
"952","75+ years","lower",1,NA,0.3227337105107,1,6,0.831274636552046
"953","75+ years","mean",1,NA,0.3227337105107,1,6,0.89060545354943
"954","75+ years","upper",1,NA,0.3227337105107,1,6,0.919344255856038
"955","75+ years","lower",1,NA,0.476884390337958,1,7,0.82300840911296
"956","75+ years","mean",1,NA,0.476884390337958,1,7,0.885853267023931
"957","75+ years","upper",1,NA,0.476884390337958,1,7,0.916294208829433
"958","75+ years","lower",1,NA,0.610415782962481,1,8,0.815288468722317
"959","75+ years","mean",1,NA,0.610415782962481,1,8,0.88134512233473
"960","75+ years","upper",1,NA,0.610415782962481,1,8,0.913341801384118
"961","75+ years","lower",1,NA,0.728198818618864,2,9,0.808007396237439
"962","75+ years","mean",1,NA,0.728198818618864,2,9,0.877033032320304
"963","75+ years","upper",1,NA,0.728198818618864,2,9,0.910467834163009
"964","75+ years","lower",1,NA,0.83355933427669,2,10,0.801088241620895
"965","75+ years","mean",1,NA,0.83355933427669,2,10,0.872882621228029
"966","75+ years","upper",1,NA,0.83355933427669,2,10,0.907658553646858
"967","75+ years","lower",1,NA,0.928869514081015,2,11,0.794473742634551
"968","75+ years","mean",1,NA,0.928869514081015,2,11,0.868868308400658
"969","75+ years","upper",1,NA,0.928869514081015,2,11,0.904903725177952
"970","75+ years","lower",1,NA,1.01588089107064,2,12,0.788119981648528
"971","75+ years","mean",1,NA,1.01588089107064,2,12,0.864970474593928
"972","75+ years","upper",1,NA,1.01588089107064,2,12,0.902195499221865
"973","75+ years","lower",1,NA,1.09592359874418,2,13,0.78199243875125
"974","75+ years","mean",1,NA,1.09592359874418,2,13,0.861173698789467
"975","75+ years","upper",1,NA,1.09592359874418,2,13,0.899527705927559
"976","75+ years","lower",1,NA,1.1700315708979,3,14,0.776063422689767
"977","75+ years","mean",1,NA,1.1700315708979,3,14,0.857465610523362
"978","75+ years","upper",1,NA,1.1700315708979,3,14,0.896895395951367
"979","75+ years","lower",1,NA,1.23902444238485,3,15,0.770310335427159
"980","75+ years","mean",1,NA,1.23902444238485,3,15,0.853836114614989
"981","75+ years","upper",1,NA,1.23902444238485,3,15,0.894294530275948
"982","75+ years","lower",1,NA,1.30356296352243,3,16,0.76471446276785
"983","75+ years","mean",1,NA,1.30356296352243,3,16,0.850276850905221
"984","75+ years","upper",1,NA,1.30356296352243,3,16,0.891721764054986
"985","75+ years","lower",1,NA,1.36418758533886,3,17,0.759260108963014
"986","75+ years","mean",1,NA,1.36418758533886,3,17,0.846780807660253
"987","75+ years","upper",1,NA,1.36418758533886,3,17,0.889174291938534
"988","75+ years","lower",1,NA,1.42134599917881,4,18,0.753933963160535
"989","75+ years","mean",1,NA,1.42134599917881,4,18,0.84334203854692
"990","75+ years","upper",1,NA,1.42134599917881,4,18,0.88664973483664
"991","75+ years","lower",1,NA,1.47541322044909,4,19,0.748724626272386
"992","75+ years","mean",1,NA,1.47541322044909,4,19,0.839955451271013
"993","75+ years","upper",1,NA,1.47541322044909,4,19,0.88414605535489
"994","75+ years","lower",1,NA,1.52670651483664,4,20,0.743622251410777
"995","75+ years","mean",1,NA,1.52670651483664,4,20,0.836616646949957
"996","75+ years","upper",1,NA,1.52670651483664,4,20,0.881661493528436
"997","75+ years","lower",1,NA,1.57549667900607,4,21,0.738618266366903
"998","75+ years","mean",1,NA,1.57549667900607,4,21,0.833321796136239
"999","75+ years","upper",1,NA,1.57549667900607,4,21,0.879194517219768
"1000","75+ years","lower",1,NA,1.62201669464096,5,22,0.733705156430925
"1001","75+ years","mean",1,NA,1.62201669464096,5,22,0.830067541796972
"1002","75+ years","upper",1,NA,1.62201669464096,5,22,0.876743783301452
"1003","75+ years","lower",1,NA,1.66646845721179,5,23,0.728876292310194
"1004","75+ years","mean",1,NA,1.66646845721179,5,23,0.826850922440104
"1005","75+ years","upper",1,NA,1.66646845721179,5,23,0.874308106899416
"1006","75+ years","lower",1,NA,1.70902807163059,5,24,0.72412579224374
"1007","75+ years","mean",1,NA,1.70902807163059,5,24,0.823669310517076
"1008","75+ years","upper",1,NA,1.70902807163059,5,24,0.871886436748252
"1009","75+ years","lower",1,NA,1.74985006615085,5,25,0.71944841038757
"1010","75+ years","mean",1,NA,1.74985006615085,5,25,0.820520362561381
"1011","75+ years","upper",1,NA,1.74985006615085,5,25,0.869477835241963
"1012","75+ years","lower",1,NA,1.78907077930413,5,26,0.714839445623366
"1013","75+ years","mean",1,NA,1.78907077930413,5,26,0.817401978450838
"1014","75+ years","upper",1,NA,1.78907077930413,5,26,0.86708146213507
"1015","75+ years","lower",1,NA,1.82681110728697,6,27,0.710294666417957
"1016","75+ years","mean",1,NA,1.82681110728697,6,27,0.814312267840202
"1017","75+ years","upper",1,NA,1.82681110728697,6,27,0.864696561112503
"1018","75+ years","lower",1,NA,1.86317875145785,6,28,0.705810248423239
"1019","75+ years","mean",1,NA,1.86317875145785,6,28,0.811249522285281
"1020","75+ years","upper",1,NA,1.86317875145785,6,28,0.862322448636643
"1021","75+ years","lower",1,NA,1.89827007126912,6,29,0.701382722281924
"1022","75+ years","mean",1,NA,1.89827007126912,6,29,0.808212191926299
"1023","75+ years","upper",1,NA,1.89827007126912,6,29,0.859958504618485
"1024","75+ years","lower",1,NA,1.9321716229448,6,30,0.697008929678205
"1025","75+ years","mean",1,NA,1.9321716229448,6,30,0.805198865854483
"1026","75+ years","upper",1,NA,1.9321716229448,6,30,0.857604164562433
"1027","75+ years","lower",1,NA,1.96496144576779,7,31,0.692685986101512
"1028","75+ years","mean",1,NA,1.96496144576779,7,31,0.802208255477584
"1029","75+ years","upper",1,NA,1.96496144576779,7,31,0.855258912910951
"1030","75+ years","lower",1,NA,1.99671014408237,7,32,0.688411249116045
"1031","75+ years","mean",1,NA,1.99671014408237,7,32,0.799239180344982
"1032","75+ years","upper",1,NA,1.99671014408237,7,32,0.85292227737328
"1033","75+ years","lower",1,NA,2.02748180274912,7,33,0.684182291176608
"1034","75+ years","mean",1,NA,2.02748180274912,7,33,0.796290556003752
"1035","75+ years","upper",1,NA,2.02748180274912,7,33,0.850593824066725
"1036","75+ years","lower",1,NA,2.05733476589881,7,34,0.679996876222275
"1037","75+ years","mean",1,NA,2.05733476589881,7,34,0.793361383542395
"1038","75+ years","upper",1,NA,2.05733476589881,7,34,0.848273153333171
"1039","75+ years","lower",1,NA,2.08632230277206,8,35,0.67585293942796
"1040","75+ years","mean",1,NA,2.08632230277206,8,35,0.790450740545294
"1041","75+ years","upper",1,NA,2.08632230277206,8,35,0.845959896120015
"1042","75+ years","lower",1,NA,2.11449317973875,8,36,0.671748569610399
"1043","75+ years","mean",1,NA,2.11449317973875,8,36,0.787557773232965
"1044","75+ years","upper",1,NA,2.11449317973875,8,36,0.843653710835534
"1045","75+ years","lower",1,NA,2.14189215392687,8,37,0.667681993876968
"1046","75+ years","mean",1,NA,2.14189215392687,8,37,0.784681689604258
"1047","75+ years","upper",1,NA,2.14189215392687,8,37,0.841354280605123
"1048","75+ years","lower",1,NA,2.16856040100903,8,38,0.663651564178939
"1049","75+ years","mean",1,NA,2.16856040100903,8,38,0.781821753429311
"1050","75+ years","upper",1,NA,2.16856040100903,8,38,0.839061310867913
"1051","75+ years","lower",1,NA,2.19453588741229,8,39,0.659655745489328
"1052","75+ years","mean",1,NA,2.19453588741229,8,39,0.778977278968264
"1053","75+ years","upper",1,NA,2.19453588741229,8,39,0.836774527263761
"1054","75+ years","lower",1,NA,2.21985369539658,9,40,0.655693105372689
"1055","75+ years","mean",1,NA,2.21985369539658,9,40,0.776147626311792
"1056","75+ years","upper",1,NA,2.21985369539658,9,40,0.834493673769031
"1057","75+ years","lower",1,NA,2.24454630798695,9,41,0.651762304752476
"1058","75+ years","mean",1,NA,2.24454630798695,9,41,0.773332197256624
"1059","75+ years","upper",1,NA,2.24454630798695,9,41,0.832218511046412
"1060","75+ years","lower",1,NA,2.26864385956601,9,42,0.647862089712793
"1061","75+ years","mean",1,NA,2.26864385956601,9,42,0.770530431643155
"1062","75+ years","upper",1,NA,2.26864385956601,9,42,0.829948814979618
"1063","75+ years","lower",1,NA,2.29217435697621,9,43,0.643991284196921
"1064","75+ years","mean",1,NA,2.29217435697621,9,43,0.767741804093669
"1065","75+ years","upper",1,NA,2.29217435697621,9,43,0.827684375368381
"1066","75+ years","lower",1,NA,2.31516387520091,10,44,0.640148783486066
"1067","75+ years","mean",1,NA,2.31516387520091,10,44,0.764965821099113
"1068","75+ years","upper",1,NA,2.31516387520091,10,44,0.825424994762877
"1069","75+ years","lower",1,NA,2.33763673105296,10,45,0.636333548359224
"1070","75+ years","mean",1,NA,2.33763673105296,10,45,0.762202018410149
"1071","75+ years","upper",1,NA,2.33763673105296,10,45,0.823170487419909
"1072","75+ years","lower",1,NA,2.35961563777174,10,46,0.632544599849553
"1073","75+ years","mean",1,NA,2.35961563777174,10,46,0.759449958694668
"1074","75+ years","upper",1,NA,2.35961563777174,10,46,0.820920678365691
"1075","75+ years","lower",1,NA,2.3811218429927,10,47,0.628781014524747
"1076","75+ years","mean",1,NA,2.3811218429927,10,47,0.756709229429409
"1077","75+ years","upper",1,NA,2.3811218429927,10,47,0.818675402552298
"1078","75+ years","lower",1,NA,2.40217525219054,11,48,0.625041920229086
"1079","75+ years","mean",1,NA,2.40217525219054,11,48,0.753979440997806
"1080","75+ years","upper",1,NA,2.40217525219054,11,48,0.81643450409663
"1081","75+ years","lower",1,NA,2.42279453939327,11,49,0.621326492233353
"1082","75+ years","mean",1,NA,2.42279453939327,11,49,0.75126022497005
"1083","75+ years","upper",1,NA,2.42279453939327,11,49,0.814197835592271
"1084","75+ years","lower",1,NA,2.44299724671079,11,50,0.617633949746094
"1085","75+ years","mean",1,NA,2.44299724671079,11,50,0.748551232544572
"1086","75+ years","upper",1,NA,2.44299724671079,11,50,0.811965257485938
"1087","75+ years","lower",1,NA,2.46279987400697,11,51,0.61396355274577
"1088","75+ years","mean",1,NA,2.46279987400697,11,51,0.745852133132872
"1089","75+ years","upper",1,NA,2.46279987400697,11,51,0.809736637511284
"1090","75+ years","lower",1,NA,2.48221795986407,11,52,0.610314599098619
"1091","75+ years","mean",1,NA,2.48221795986407,11,52,0.743162613071991
"1092","75+ years","upper",1,NA,2.48221795986407,11,52,0.807511850173759
"1093","75+ years","lower",1,NA,2.50126615483477,12,53,0.606686421931484
"1094","75+ years","mean",1,NA,2.50126615483477,12,53,0.740482374450876
"1095","75+ years","upper",1,NA,2.50126615483477,12,53,0.805290776281052
"1096","75+ years","lower",1,NA,2.51995828784692,12,54,0.603078387232693
"1097","75+ years","mean",1,NA,2.51995828784692,12,54,0.737811134038626
"1098","75+ years","upper",1,NA,2.51995828784692,12,54,0.803073302514288
"1099","75+ years","lower",1,NA,2.53830742651512,12,55,0.599489891657351
"1100","75+ years","mean",1,NA,2.53830742651512,12,55,0.735148622304055
"1101","75+ years","upper",1,NA,2.53830742651512,12,55,0.80085932103576
"1102","75+ years","lower",1,NA,2.55632593201779,12,56,0.595920360516258
"1103","75+ years","mean",1,NA,2.55632593201779,12,56,0.732494582517284
"1104","75+ years","upper",1,NA,2.55632593201779,12,56,0.79864872912948
"1105","75+ years","lower",1,NA,2.5740255091172,13,57,0.592369245930083
"1106","75+ years","mean",1,NA,2.5740255091172,13,57,0.729848769925161
"1107","75+ years","upper",1,NA,2.5740255091172,13,57,0.796441428871276
"1108","75+ years","lower",1,NA,2.59141725182906,13,58,0.588836025132588
"1109","75+ years","mean",1,NA,2.59141725182906,13,58,0.727210950993257
"1110","75+ years","upper",1,NA,2.59141725182906,13,58,0.794237326825511
"1111","75+ years","lower",1,NA,2.60851168518836,13,59,0.585320198908497
"1112","75+ years","mean",1,NA,2.60851168518836,13,59,0.724580902708026
"1113","75+ years","upper",1,NA,2.60851168518836,13,59,0.79203633376589
"1114","75+ years","lower",1,NA,2.62531880350475,13,60,0.581821290153245
"1115","75+ years","mean",1,NA,2.62531880350475,13,60,0.721958411933398
"1116","75+ years","upper",1,NA,2.62531880350475,13,60,0.78983836441803
"1117","75+ years","lower",1,NA,2.64184810545596,14,61,0.578338842543225
"1118","75+ years","mean",1,NA,2.64184810545596,14,61,0.719343274816744
"1119","75+ years","upper",1,NA,2.64184810545596,14,61,0.787643337221798
"1120","75+ years","lower",1,NA,2.65810862632774,14,62,0.574872419306412
"1121","75+ years","mean",1,NA,2.65810862632774,14,62,0.716735296239678
"1122","75+ years","upper",1,NA,2.65810862632774,14,62,0.78545117411157
"1123","75+ years","lower",1,NA,2.67410896767418,14,63,0.571421602084263
"1124","75+ years","mean",1,NA,2.67410896767418,14,63,0.714134289309638
"1125","75+ years","upper",1,NA,2.67410896767418,14,63,0.783261800312827
"1126","75+ years","lower",1,NA,2.68985732464232,14,64,0.567985989876813
"1127","75+ years","mean",1,NA,2.68985732464232,14,64,0.711540074888625
"1128","75+ years","upper",1,NA,2.68985732464232,14,64,0.781075144153597
"1129","75+ years","lower",1,NA,2.70536151117828,14,65,0.564565198063673
"1130","75+ years","mean",1,NA,2.70536151117828,14,65,0.70895248115586
"1131","75+ years","upper",1,NA,2.70536151117828,14,65,0.778891136889483
"1132","75+ years","lower",1,NA,2.72062898330907,15,66,0.561158857494381
"1133","75+ years","mean",1,NA,2.72062898330907,15,66,0.706371343201418
"1134","75+ years","upper",1,NA,2.72062898330907,15,66,0.776709712541077
"1135","75+ years","lower",1,NA,2.73566686067361,15,67,0.55776661364224
"1136","75+ years","mean",1,NA,2.73566686067361,15,67,0.703796502648222
"1137","75+ years","upper",1,NA,2.73566686067361,15,67,0.774530807742722
"1138","75+ years","lower",1,NA,2.75048194645875,15,68,0.554388125816318
"1139","75+ years","mean",1,NA,2.75048194645875,15,68,0.701227807300021
"1140","75+ years","upper",1,NA,2.75048194645875,15,68,0.772354361601667
"1141","75+ years","lower",1,NA,2.7650807458799,15,69,0.551023066426829
"1142","75+ years","mean",1,NA,2.7650807458799,15,69,0.698665110813215
"1143","75+ years","upper",1,NA,2.7650807458799,15,69,0.770180315566774
"1144","75+ years","lower",1,NA,2.779469483332,16,70,0.547671120299554
"1145","75+ years","mean",1,NA,2.779469483332,16,70,0.69610827239059
"1146","75+ years","upper",1,NA,2.779469483332,16,70,0.768008613305974
"1147","75+ years","lower",1,NA,2.79365411832396,16,71,0.544331984035384
"1148","75+ years","mean",1,NA,2.79365411832396,16,71,0.693557156495203
"1149","75+ years","upper",1,NA,2.79365411832396,16,71,0.765839200591804
"1150","75+ years","lower",1,NA,2.8076403602987,16,72,0.541005365411415
"1151","75+ years","mean",1,NA,2.8076403602987,16,72,0.69101163258284
"1152","75+ years","upper",1,NA,2.8076403602987,16,72,0.763672025194354
"1153","75+ years","lower",1,NA,2.82143368243104,16,73,0.537690982820376
"1154","75+ years","mean",1,NA,2.82143368243104,16,73,0.688471574851587
"1155","75+ years","upper",1,NA,2.82143368243104,16,73,0.761507036781082
"1156","75+ years","lower",1,NA,2.83503933448681,17,74,0.534388564745427
"1157","75+ years","mean",1,NA,2.83503933448681,17,74,0.685936862007213
"1158","75+ years","upper",1,NA,2.83503933448681,17,74,0.759344186822941
"1159","75+ years","lower",1,NA,2.84846235481896,17,75,0.531097849267672
"1160","75+ years","mean",1,NA,2.84846235481896,17,75,0.683407377043157
"1161","75+ years","upper",1,NA,2.84846235481896,17,75,0.757183428506353
"1162","75+ years","lower",1,NA,2.86170758156898,17,76,0.527818583603918
"1163","75+ years","mean",1,NA,2.86170758156898,17,76,0.680883007034035
"1164","75+ years","upper",1,NA,2.86170758156898,17,76,0.755024716650591
"1165","75+ years","lower",1,NA,2.87477966313633,17,77,0.52455052367247
"1166","75+ years","mean",1,NA,2.87477966313633,17,77,0.678363642941668
"1167","75+ years","upper",1,NA,2.87477966313633,17,77,0.752868007630176
"1168","75+ years","lower",1,NA,2.88768306797224,17,78,0.521293433684915
"1169","75+ years","mean",1,NA,2.88768306797224,17,78,0.675849179432721
"1170","75+ years","upper",1,NA,2.88768306797224,17,78,0.750713259301914
"1171","75+ years","lower",1,NA,2.90042209374967,18,79,0.518047085762016
"1172","75+ years","mean",1,NA,2.90042209374967,18,79,0.67333951470711
"1173","75+ years","upper",1,NA,2.90042209374967,18,79,0.74856043093624
"1174","75+ years","lower",1,NA,2.91300087595653,18,80,0.514811259572029
"1175","75+ years","mean",1,NA,2.91300087595653,18,80,0.670834550336427
"1176","75+ years","upper",1,NA,2.91300087595653,18,80,0.746409483152575
"1177","75+ years","lower",1,NA,2.92542339595508,18,81,0.511585741989843
"1178","75+ years","mean",1,NA,2.92542339595508,18,81,0.668334191111674
"1179","75+ years","upper",1,NA,2.92542339595508,18,81,0.744260377858409
"1180","75+ years","lower",1,NA,2.9376934885469,18,82,0.508370326775532
"1181","75+ years","mean",1,NA,2.9376934885469,18,82,0.665838344899657
"1182","75+ years","upper",1,NA,2.9376934885469,18,82,0.742113078191837
"1183","75+ years","lower",1,NA,2.94981484907924,19,83,0.505164814270962
"1184","75+ years","mean",1,NA,2.94981484907924,19,83,0.663346922507454
"1185","75+ years","upper",1,NA,2.94981484907924,19,83,0.739967548467341
"1186","75+ years","lower",1,NA,2.96179104012596,19,84,0.501969011113262
"1187","75+ years","mean",1,NA,2.96179104012596,19,84,0.660859837554417
"1188","75+ years","upper",1,NA,2.96179104012596,19,84,0.737823754124575
"1189","75+ years","lower",1,NA,2.97362549777296,19,85,0.49878272996401
"1190","75+ years","mean",1,NA,2.97362549777296,19,85,0.658377006351188
"1191","75+ years","upper",1,NA,2.97362549777296,19,85,0.73568166167996
"1192","75+ years","lower",1,NA,2.98532153753615,19,86,0.495605789253111
"1193","75+ years","mean",1,NA,2.98532153753615,19,86,0.655898347785281
"1194","75+ years","upper",1,NA,2.98532153753615,19,86,0.733541238680911
"1195","75+ years","lower",1,NA,2.99688235993723,20,87,0.492438012936405
"1196","75+ years","mean",1,NA,2.99688235993723,20,87,0.653423783212805
"1197","75+ years","upper",1,NA,2.99688235993723,20,87,0.731402453662505
"1198","75+ years","lower",1,NA,3.00831105576085,20,88,0.489279230266123
"1199","75+ years","mean",1,NA,3.00831105576085,20,88,0.650953236355913
"1200","75+ years","upper",1,NA,3.00831105576085,20,88,0.729265276106465
"1201","75+ years","lower",1,NA,3.01961061101478,20,89,0.486129275573363
"1202","75+ years","mean",1,NA,3.01961061101478,20,89,0.648486633205634
"1203","75+ years","upper",1,NA,3.01961061101478,20,89,0.727129676402272
"1204","75+ years","lower",1,NA,3.03078391161291,20,90,0.482987988061844
"1205","75+ years","mean",1,NA,3.03078391161291,20,90,0.646023901929733
"1206","75+ years","upper",1,NA,3.03078391161291,20,90,0.724995625810309
"1207","75+ years","lower",1,NA,3.0418337477995,20,91,0.479855211612219
"1208","75+ years","mean",1,NA,3.0418337477995,20,91,0.643564972785292
"1209","75+ years","upper",1,NA,3.0418337477995,20,91,0.722863096426879
"1210","75+ years","lower",1,NA,3.05276281833169,21,92,0.476730794596309
"1211","75+ years","mean",1,NA,3.05276281833169,21,92,0.641109778035726
"1212","75+ years","upper",1,NA,3.05276281833169,21,92,0.720732061151007
"1213","75+ years","lower",1,NA,3.0635737344359,21,93,0.473614589700649
"1214","75+ years","mean",1,NA,3.0635737344359,21,93,0.638658251871956
"1215","75+ years","upper",1,NA,3.0635737344359,21,93,0.7186024936529
"1216","75+ years","lower",1,NA,3.07426902355265,21,94,0.470506453758773
"1217","75+ years","mean",1,NA,3.07426902355265,21,94,0.636210330337481
"1218","75+ years","upper",1,NA,3.07426902355265,21,94,0.716474368343969
"1219","75+ years","lower",1,NA,3.08485113288319,21,95,0.467406247591748
"1220","75+ years","mean",1,NA,3.08485113288319,21,95,0.633765951257144
"1221","75+ years","upper",1,NA,3.08485113288319,21,95,0.714347660348333
"1222","75+ years","lower",1,NA,3.09532243275048,22,96,0.464313835856427
"1223","75+ years","mean",1,NA,3.09532243275048,22,96,0.631325054169346
"1224","75+ years","upper",1,NA,3.09532243275048,22,96,0.712222345475689
"1225","75+ years","lower",1,NA,3.10568521978603,22,97,0.461229086901007
"1226","75+ years","mean",1,NA,3.10568521978603,22,97,0.62888758026151
"1227","75+ years","upper",1,NA,3.10568521978603,22,97,0.710098400195503
"1228","75+ years","lower",1,NA,3.11594171995322,22,98,0.458151872627449
"1229","75+ years","mean",1,NA,3.11594171995322,22,98,0.626453472308629
"1230","75+ years","upper",1,NA,3.11594171995322,22,98,0.707975801612414
"1231","75+ years","lower",1,NA,3.12609409141723,22,99,0.455082068360374
"1232","75+ years","mean",1,NA,3.12609409141723,22,99,0.624022674614694
"1233","75+ years","upper",1,NA,3.12609409141723,22,99,0.705854527442803
"1234","75+ years","lower",1,NA,3.13614442727074,23,100,0.452019552722069
"1235","75+ years","mean",1,NA,3.13614442727074,23,100,0.621595132956856
"1236","75+ years","upper",1,NA,3.13614442727074,23,100,0.703734555992457
"1237","75+ years","lower",1,NA,3.1460947581239,23,101,0.448964207513252
"1238","75+ years","mean",1,NA,3.1460947581239,23,101,0.619170794532162
"1239","75+ years","upper",1,NA,3.1460947581239,23,101,0.701615866135248
"1240","75+ years","lower",1,NA,3.15594705456692,23,102,0.445915917599295
"1241","75+ years","mean",1,NA,3.15594705456692,23,102,0.616749607906724
"1242","75+ years","upper",1,NA,3.15594705456692,23,102,0.699498437292808
"1243","75+ years","lower",1,NA,3.16570322951228,23,103,0.442874570801577
"1244","75+ years","mean",1,NA,3.16570322951228,23,103,0.614331522967188
"1245","75+ years","upper",1,NA,3.16570322951228,23,103,0.697382249415103
"1246","75+ years","lower",1,NA,3.17536514042402,23,104,0.439840057793718
"1247","75+ years","mean",1,NA,3.17536514042402,23,104,0.611916490874376
"1248","75+ years","upper",1,NA,3.17536514042402,23,104,0.69526728296189
