"","weeks","immuno","prior_inf","prior_vacc","severe_ve","nonsevere_ve"
"1",1,0,0,1,0.957603717326188,0.700898245018099
"2",1,0,1,0,0.96468391839807,0.923674392910673
"3",1,0,1,1,0.975457294476634,0.898822546027083
"4",1,1,0,1,0.807603717326189,0.550898245018099
"5",1,1,1,0,0.81468391839807,0.773674392910673
"6",1,1,1,1,0.923542449827612,0.748822546027083
"7",10,0,0,1,0.802071975843057,0.417682765444623
"8",10,0,1,0,0.901755383373387,0.71252611213589
"9",10,0,1,1,0.942031067718248,0.698990054351422
"10",10,1,0,1,0.652071975843057,0.267682765444623
"11",10,1,1,0,0.751755383373387,0.56252611213589
"12",10,1,1,1,0.872882621228029,0.548990054351422
"13",100,0,0,1,0.0855135508003279,0
"14",100,0,1,0,0.726696613602152,0
"15",100,0,1,1,0.863079597859041,0.104474526472927
"16",100,1,0,1,0,0
"17",100,1,1,0,0.576696613602152,0
"18",100,1,1,1,0.621595132956855,0
"19",101,0,0,1,0.0810742663392159,0
"20",101,0,1,0,0.725485584148838,0
"21",101,0,1,1,0.862570104083369,0.100245345512156
"22",101,1,0,1,0,0
"23",101,1,1,0,0.575485584148838,0
"24",101,1,1,1,0.619170794532161,0
"25",102,0,0,1,0.0766494990224953,0
"26",102,0,1,0,0.724281199165222,0
"27",102,0,1,1,0.862063762106953,0.0960381539386944
"28",102,1,0,1,0,0
"29",102,1,1,0,0.574281199165222,0
"30",102,1,1,1,0.616749607906723,0
"31",103,0,0,1,0.0722390597419618,0
"32",103,0,1,0,0.723083357584761,0
"33",103,0,1,1,0.861560521816439,0.0918526235029847
"34",103,1,0,1,0,0
"35",103,1,1,0,0.573083357584761,0
"36",103,1,1,1,0.614331522967187,0
"37",104,0,0,1,0.067842763662128,0
"38",104,0,1,0,0.721891960841957,0
"39",104,0,1,1,0.861060334372649,0.0876884339869593
"40",104,1,0,1,0,0
"41",104,1,1,0,0.571891960841957,0
"42",104,1,1,1,0.611916490874375,0
"43",11,0,0,1,0.789036935227141,0.401400662736873
"44",11,0,1,0,0.897505388692657,0.696305019099495
"45",11,0,1,1,0.939931599539898,0.685094561084968
"46",11,1,0,1,0.639036935227141,0.251400662736873
"47",11,1,1,0,0.747505388692657,0.546305019099495
"48",11,1,1,1,0.868868308400657,0.535094561084968
"49",12,0,0,1,0.776388694713956,0.386139060566817
"50",12,0,1,0,0.893465110376396,0.680698388878815
"51",12,0,1,1,0.93794861038219,0.671849601797667
"52",12,1,0,1,0.626388694713956,0.236139060566817
"53",12,1,1,0,0.743465110376396,0.530698388878815
"54",12,1,1,1,0.864970474593928,0.521849601797667
"55",13,0,0,1,0.764084842037917,0.371756373725729
"56",13,0,1,0,0.88960791800431,0.665634404093004
"57",13,0,1,1,0.93606667922675,0.659174020066006
"58",13,1,0,1,0.614084842037917,0.221756373725729
"59",13,1,1,0,0.73960791800431,0.515634404093004
"60",13,1,1,1,0.861173698789466,0.509174020066006
"61",14,0,0,1,0.752090495903669,0.358139826027763
"62",14,0,1,0,0.885912320784003,0.651054461783761
"63",14,0,1,1,0.934273435609668,0.647002161369438
"64",14,1,0,1,0.602090495903669,0.208139826027763
"65",14,1,1,0,0.735912320784003,0.501054461783761
"66",14,1,1,1,0.857465610523362,0.497002161369438
"67",15,0,0,1,0.740376529060945,0.345197982261196
"68",15,0,1,0,0.882360683620836,0.636909979134531
"69",15,0,1,1,0.932558784350316,0.635280028218685
"70",15,1,0,1,0.590376529060945,0.195197982261196
"71",15,1,1,0,0.732360683620835,0.486909979134531
"72",15,1,1,1,0.853836114614988,0.485280028218685
"73",16,0,0,1,0.728918300763718,0.332855578335401
"74",16,0,1,0,0.878938327352873,0.623160131581007
"75",16,0,1,1,0.93091436528957,0.623962579499038
"76",16,1,0,1,0.578918300763718,0.182855578335401
"77",16,1,1,0,0.728938327352873,0.473160131581007
"78",16,1,1,1,0.85027685090522,0.473962579499038
"79",17,0,0,1,0.717694729942234,0.321049844501216
"80",17,0,1,0,0.875632881552961,0.609770210132309
"81",17,0,1,1,0.929333166693624,0.613011783755303
"82",17,1,0,1,0.567694729942234,0.171049844501216
"83",17,1,1,0,0.725632881552962,0.459770210132309
"84",17,1,1,1,0.846780807660253,0.463011783755303
"85",18,0,0,1,0.706687602895777,0.30972782892336
"86",18,0,1,0,0.872433808424516,0.59671040209686
"87",18,0,1,1,0.927809242229314,0.602395184270391
"88",18,1,0,1,0.556687602895778,0.15972782892336
"89",18,1,1,0,0.722433808424516,0.44671040209686
"90",18,1,1,1,0.84334203854692,0.452395184270391
"91",19,0,0,1,0.695881046464794,0.298844409575931
"92",19,0,1,0,0.869332045638659,0.583954868727426
"93",19,0,1,1,0.926337499602429,0.59208482062163
"94",19,1,0,1,0.545881046464794,0.148844409575931
"95",19,1,1,0,0.719332045638659,0.433954868727426
"96",19,1,1,1,0.839955451271013,0.44208482062163
"97",2,0,0,1,0.932582773159496,0.634473232592674
"98",2,0,1,0,0.951945833231371,0.886226292272464
"99",2,0,1,1,0.968210129016635,0.859518034070107
"100",2,1,0,1,0.782582773159496,0.484473232592674
"101",2,1,1,0,0.801945833231371,0.736226292272464
"102",2,1,1,1,0.914380439718591,0.709518034070107
"103",20,0,0,1,0.685261120524513,0.288360790910502
"104",20,0,1,0,0.866319733748794,0.571481035730625
"105",20,0,1,1,0.924913539930393,0.582056404181885
"106",20,1,0,1,0.535261120524513,0.138360790910502
"107",20,1,1,0,0.716319733748793,0.421481035730625
"108",20,1,1,1,0.836616646949956,0.432056404181885
"109",21,0,0,1,0.674815498177085,0.278243349015577
"110",21,0,1,0,0.863390004958096,0.559269039378847
"111",21,0,1,1,0.923533533765698,0.572288678147163
"112",21,1,0,1,0.524815498177085,0.128243349015577
"113",21,1,1,0,0.713390004958096,0.409269039378847
"114",21,1,1,1,0.833321796136238,0.422288678147163
"115",22,0,0,1,0.66453321150382,0.268462731904736
"116",22,0,1,0,0.860536817188128,0.54730128834933
"117",22,0,1,1,0.922194124075452,0.5627629140318
"118",22,1,0,1,0.51453321150382,0.118462731904736
"119",22,1,1,0,0.710536817188129,0.39730128834933
"120",22,1,1,1,0.830067541796971,0.4127629140318
"121",23,0,0,1,0.654404447077719,0.258993149651995
"122",23,0,1,0,0.8577548221306,0.535562112974761
"123",23,0,1,1,0.920892349367606,0.553462510692082
"124",23,1,0,1,0.504404447077719,0.108993149651995
"125",23,1,1,0,0.7077548221306,0.385562112974761
"126",23,1,1,1,0.826850922440103,0.403462510692082
"127",24,0,0,1,0.644420379764036,0.249811807883864
"128",24,0,1,0,0.85503925915806,0.524037481442935
"129",24,0,1,1,0.919625582093601,0.544372671479942
"130",24,1,0,1,0.494420379764036,0.099811807883864
"131",24,1,1,0,0.705039259158059,0.374037481442935
"132",24,1,1,1,0.823669310517076,0.394372671479942
"133",25,0,0,1,0.634573036348199,0.240898450968192
"134",25,0,1,0,0.852385869167011,0.512714767922782
"135",25,0,1,1,0.918391478786927,0.535480141703267
"136",25,1,0,1,0.484573036348198,0.090898450968192
"137",25,1,1,0,0.702385869167012,0.362714767922782
"138",25,1,1,1,0.82052036256138,0.385480141703267
"139",26,0,0,1,0.624855182662804,0.232234990161837
"140",26,0,1,0,0.849790823966518,0.501582561428646
"141",26,0,1,1,0.917187939325405,0.526772993181599
"142",26,1,0,1,0.474855182662804,0.082234990161837
"143",26,1,1,0,0.699790823966518,0.351582561428646
"144",26,1,1,1,0.817401978450838,0.376772993181599
"145",27,0,0,1,0.615260229419203,0.223805198286734
"146",27,0,1,0,0.847250667921398,0.490630506981226
"147",27,0,1,1,0.916013073363791,0.518240445974105
"148",27,1,0,1,0.465260229419203,0.073805198286734
"149",27,1,1,0,0.697250667921397,0.340630506981226
"150",27,1,1,1,0.814312267840201,0.368240445974105
"151",28,0,0,1,0.605782153068263,0.215594457030943
"152",28,0,1,0,0.8447622693512,0.479849172619373
"153",28,0,1,1,0.914865172457892,0.509872719735574
"154",28,1,0,1,0.455782153068263,0.065594457030943
"155",28,1,1,0,0.6947622693512,0.329849172619373
"156",28,1,1,1,0.81124952228528,0.359872719735574
"157",29,0,0,1,0.596415428842269,0.207589546265583
"158",29,0,1,0,0.842322779766127,0.469229937286795
"159",29,0,1,1,0.913742686747932,0.501660908900592
"160",29,1,0,1,0.446415428842269,0.057589546265583
"161",29,1,1,0,0.692322779766128,0.319229937286795
"162",29,1,1,1,0.808212191926298,0.351660908900592
"163",3,0,0,1,0.911568387003457,0.588973757545385
"164",3,0,1,0,0.94245934767788,0.856299651353864
"165",3,0,1,1,0.963015576446289,0.829784432739136
"166",3,1,0,1,0.761568387003457,0.438973757545385
"167",3,1,1,0,0.79245934767788,0.706299651353864
"168",3,1,1,1,0.907271042499223,0.679784432739136
"169",30,0,0,1,0.587154973748933,0.199778467196413
"170",30,0,1,0,0.839929599451287,0.458764895713363
"171",30,0,1,1,0.912644205325138,0.493596877191142
"172",30,1,0,1,0.437154973748933,0.049778467196413
"173",30,1,1,0,0.689929599451288,0.308764895713363
"174",30,1,1,1,0.805198865854482,0.343596877191142
"175",31,0,0,1,0.577996097756929,0.192150292979346
"176",31,0,1,0,0.837580348233306,0.448446777236821
"177",31,0,1,1,0.911568439597261,0.485673167915497
"178",31,1,0,1,0.427996097756928,0.042150292979346
"179",31,1,1,0,0.687580348233306,0.298446777236821
"180",31,1,1,1,0.802208255477583,0.335673167915497
"181",32,0,0,1,0.568934461770378,0.184695041793896
"182",32,0,1,0,0.835272840507981,0.438268876139985
"183",32,0,1,1,0.910514209113681,0.477882927264389
"184",32,1,0,1,0.418934461770378,0.034695041793896
"185",32,1,1,0,0.68527284050798,0.288268876139985
"186",32,1,1,1,0.799239180344981,0.327882927264389
"187",33,0,0,1,0.559966041266112,0.177403568407767
"188",33,0,1,0,0.833005063794948,0.428224991562673
"189",33,0,1,1,0.909480429421473,0.470219838376228
"190",33,1,0,1,0.409966041266113,0.027403568407767
"191",33,1,1,0,0.683005063794949,0.278224991562673
"192",33,1,1,1,0.796290556003751,0.320219838376228
"193",34,0,0,1,0.551087094682701,0.170267471064522
"194",34,0,1,0,0.830775160230083,0.418309375423327
"195",34,0,1,1,0.908466101609138,0.462678064380724
"196",34,1,0,1,0.401087094682701,0.020267471064522
"197",34,1,1,0,0.680775160230084,0.268309375423327
"198",34,1,1,1,0.793361383542394,0.312678064380724
"199",35,0,0,1,0.542294135819229,0.163279011145573
"200",35,0,1,0,0.828581410519136,0.408516687079465
"201",35,0,1,1,0.907470303261058,0.455252198971663
"202",35,1,0,1,0.392294135819229,0.013279011145573
"203",35,1,1,0,0.678581410519136,0.258516687079465
"204",35,1,1,1,0.790450740545293,0.305252198971663
"205",36,0,0,1,0.533583909635498,0.156431043541857
"206",36,0,1,0,0.826422219964736,0.39884195368813
"207",36,0,1,1,0.906492180597751,0.447937223328033
"208",36,1,0,1,0.383583909635498,0.006431043541857
"209",36,1,1,0,0.676422219964735,0.24884195368813
"210",36,1,1,1,0.787557773232965,0.297937223328033
"211",37,0,0,1,0.52495337095191,0.14971695605194
"212",37,0,1,0,0.824296106249039,0.389280535411968
"213",37,0,1,1,0.905530941618067,0.440728468415361
"214",37,1,0,1,0.37495337095191,0
"215",37,1,1,0,0.674296106249038,0.239280535411968
"216",37,1,1,1,0.784681689604257,0.290728468415361
"217",38,0,0,1,0.516399665632843,0.143130616425859
"218",38,0,1,0,0.822201688710211,0.37982809476416
"219",38,0,1,1,0.904585850092141,0.433621581868842
"220",38,1,0,1,0.366399665632843,0
"221",38,1,1,0,0.67220168871021,0.22982809476416
"222",38,1,1,1,0.78182175342931,0.283621581868842
"223",39,0,0,1,0.507920113906396,0.136666325915737
"224",39,0,1,0,0.820137678895783,0.370480569504344
"225",39,0,1,1,0.903656220280117,0.426612498796088
"226",39,1,0,1,0.357920113906395,0
"227",39,1,1,0,0.670137678895784,0.220480569504344
"228",39,1,1,1,0.778977278968263,0.276612498796088
"229",4,0,0,1,0.892795259673284,0.55329644354867
"230",4,0,1,0,0.934613274205906,0.830404800384734
"231",4,0,1,1,0.958822962848295,0.804944857015175
"232",4,1,0,1,0.742795259673284,0.40329644354867
"233",4,1,1,0,0.784613274205906,0.680404800384734
"234",4,1,1,1,0.901163584252208,0.654944857015175
"235",40,0,0,1,0.499512195529537,0.130318778388541
"236",40,0,1,0,0.818102872212211,0.361234148594048
"237",40,0,1,1,0.902741412272666,0.419697415947487
"238",40,1,0,1,0.349512195529537,0
"239",40,1,1,0,0.66810287221221,0.211234148594048
"240",40,1,1,1,0.776147626311791,0.269697415947487
"241",41,0,0,1,0.491173536553603,0.124083024213494
"242",41,0,1,0,0.816096140519301,0.352085250798695
"243",41,0,1,1,0.90184082786652,0.412872768791699
"244",41,1,0,1,0.341173536553603,0
"245",41,1,1,0,0.666096140519301,0.202085250798695
"246",41,1,1,1,0.773332197256623,0.262872768791699
"247",42,0,0,1,0.482901897482775,0.117954438264535
"248",42,0,1,0,0.814116425542335,0.343030505587699
"249",42,0,1,1,0.900953906902072,0.406135211106973
"250",42,1,0,1,0.332901897482775,0
"251",42,1,1,0,0.664116425542336,0.193030505587699
"252",42,1,1,1,0.770530431643154,0.256135211106973
"253",43,0,0,1,0.474695162649342,0.111928691482759
"254",43,0,1,0,0.812162732994327,0.334066736037175
"255",43,0,1,1,0.900080124001608,0.399481596759188
"256",43,1,0,1,0.324695162649343,0
"257",43,1,1,0,0.662162732994327,0.184066736037175
"258",43,1,1,1,0.767741804093668,0.249481596759188
"259",44,0,0,1,0.466551330655396,0.106001725529732
"260",44,0,1,0,0.810234127317248,0.325190943483795
"261",44,0,1,1,0.899218985656074,0.392908963387113
"262",44,1,0,1,0.316551330655396,0
"263",44,1,1,0,0.660234127317247,0.175190943483795
"264",44,1,1,1,0.764965821099112,0.242908963387113
"265",45,0,0,1,0.458468505752183,0.10016973013359
"266",45,0,1,0,0.808329726964514,0.316400293714838
"267",45,0,1,1,0.898370027616132,0.386414517756685
"268",45,1,0,1,0.308468505752183,0
"269",45,1,1,0,0.658329726964513,0.166400293714838
"270",45,1,1,1,0.762202018410148,0.236414517756685
"271",46,0,0,1,0.450444890046387,0.0944291227887293
"272",46,0,1,0,0.806448700158289,0.307692104510062
"273",46,0,1,1,0.897532812549673,0.379995622580432
"274",46,1,0,1,0.300444890046387,0
"275",46,1,1,0,0.656448700158289,0.157692104510062
"276",46,1,1,1,0.759449958694667,0.229995622580432
"277",47,0,0,1,0.442478776437817,0.0887765305190606
"278",47,0,1,0,0.804590261064583,0.299063834376671
"279",47,0,1,1,0.896706927933436,0.373649784626931
"280",47,1,0,1,0.292478776437817,0
"281",47,1,1,0,0.654590261064584,0.149063834376671
"282",47,1,1,1,0.756709229429408,0.223649784626931
"283",48,0,0,1,0.434568542205798,0.083208773455874
"284",48,0,1,0,0.802753666337037,0.290513072340231
"285",48,0,1,1,0.895891984150854,0.367374643969427
"286",48,1,0,1,0.284568542205798,0
"287",48,1,1,0,0.652753666337037,0.140513072340231
"288",48,1,1,1,0.753979440997805,0.217374643969427
"289",49,0,0,1,0.42671264317243,0.0777228500159545
"290",49,0,1,0,0.800938211986936,0.282037528672711
"291",49,0,1,1,0.89508761277212,0.361167964243101
"292",49,1,0,1,0.27671264317243,0
"293",49,1,1,0,0.650938211986936,0.132037528672711
"294",49,1,1,1,0.751260224970049,0.211167964243101
"295",5,0,0,1,0.875530144823679,0.52350382422847
"296",5,0,1,0,0.927797834588596,0.807146840409711
"297",5,0,1,1,0.95524629731151,0.78320761871707
"298",5,1,0,1,0.725530144823679,0.37350382422847
"299",5,1,1,0,0.777797834588596,0.657146840409711
"300",5,1,1,1,0.895672074066401,0.63320761871707
"301",50,0,0,1,0.418909608380168,0.0723159234947282
"302",50,0,1,0,0.799143230542681,0.273635026454308
"303",50,0,1,1,0.894293464995664,0.355027623797801
"304",50,1,0,1,0.268909608380169,0
"305",50,1,1,0,0.649143230542681,0.123635026454308
"306",50,1,1,1,0.748551232544571,0.205027623797801
"307",51,0,0,1,0.411158035229019,0.0669853099139158
"308",51,0,1,0,0.797368088466702,0.265303493878965
"309",51,0,1,1,0.893509210232986,0.348951607647752
"310",51,1,0,1,0.261158035229018,0
"311",51,1,1,0,0.647368088466702,0.115303493878965
"312",51,1,1,1,0.745852133132871,0.198951607647752
"313",52,0,0,1,0.403456585025464,0.0617284669841555
"314",52,0,1,0,0.795612183801927,0.257040957224776
"315",52,0,1,1,0.892734534821127,0.342938000132286
"316",52,1,0,1,0.253456585025464,0
"317",52,1,1,0,0.645612183801927,0.107040957224776
"318",52,1,1,1,0.74316261307199,0.192938000132286
"319",53,0,0,1,0.395803978901034,0.0565429840609428
"320",53,0,1,0,0.793874944023395,0.248845534420206
"321",53,0,1,1,0.891969140849034,0.336984978212394
"322",53,1,0,1,0.245803978901034,0
"323",53,1,1,0,0.643874944023396,0.098845534420206
"324",53,1,1,1,0.740482374450875,0.186984978212394
"325",54,0,0,1,0.388198994063427,0.0514265729875466
"326",54,0,1,0,0.79215582407362,0.24071542914534
"327",54,0,1,1,0.891212745085806,0.331090805337097
"328",54,1,0,1,0.238198994063427,0
"329",54,1,1,0,0.64215582407362,0.09071542914534
"330",54,1,1,1,0.737811134038625,0.181090805337097
"331",55,0,0,1,0.380640460347465,0.0463770597316873
"332",55,0,1,0,0.790454304562883,0.232648925414646
"333",55,0,1,1,0.890465078000257,0.325253825821604
"334",55,1,0,1,0.230640460347465,0
"335",55,1,1,0,0.640454304562883,0.0826489254146457
"336",55,1,1,1,0.735148622304054,0.175253825821604
"337",56,0,0,1,0.373127257036878,0.0413923767340724
"338",56,0,1,0,0.788769890117895,0.224644382593916
"339",56,0,1,1,0.889725882862508,0.319472459686034
"340",56,1,0,1,0.223127257036878,0
"341",56,1,1,0,0.638769890117896,0.0746443825939157
"342",56,1,1,1,0.732494582517283,0.169472459686034
"343",57,0,0,1,0.365658309931223,0.0364705558966334
"344",57,0,1,0,0.787102107864148,0.216700230809479
"345",57,0,1,1,0.888994914919406,0.313745197909484
"346",57,1,0,1,0.215658309931223,0
"347",57,1,1,0,0.637102107864148,0.066700230809479
"348",57,1,1,1,0.72984876992516,0.163745197909484
"349",58,0,0,1,0.358232588635057,0.0316097221467622
"350",58,0,1,0,0.785450506029005,0.208814966712497
"351",58,0,1,1,0.888271940636524,0.308070598059317
"352",58,1,0,1,0.208232588635057,0
"353",58,1,1,0,0.635450506029005,0.0588149667124968
"354",58,1,1,1,0.727210950993256,0.158070598059317
"355",59,0,0,1,0.350849104049005,0.026808087521161
"356",59,0,1,0,0.783814652654017,0.200987149565232
"357",59,0,1,1,0.887556737000315,0.302447280260095
"358",59,1,0,1,0.200849104049005,0
"359",59,1,1,0,0.633814652654017,0.0509871495652318
"360",59,1,1,1,0.724580902708025,0.152447280260095
"361",6,0,0,1,0.859378847925686,0.497692369832111
"362",6,0,1,0,0.921705127600799,0.785795068120766
"363",6,0,1,1,0.95209452144356,0.763660612303221
"364",6,1,0,1,0.709378847925686,0.347692369832111
"365",6,1,1,0,0.771705127600799,0.635795068120766
"366",6,1,1,1,0.89060545354943,0.613660612303221
"367",60,0,0,1,0.343506906044509,0.0220639457193067
"368",60,0,1,0,0.782194134406214,0.193215397619799
"369",60,0,1,1,0.886849090874709,0.296873923470453
"370",60,1,0,1,0.193506906044509,0
"371",60,1,1,0,0.632194134406213,0.0432153976197987
"372",60,1,1,1,0.721958411933397,0.146873923470453
"373",61,0,0,1,0.336205081305996,0.0173756670820847
"374",61,0,1,0,0.780588555479253,0.185498384763044
"375",61,0,1,1,0.886148798407077,0.291349262039694
"376",61,1,0,1,0.186205081305996,0
"377",61,1,1,0,0.630588555479253,0.035498384763044
"378",61,1,1,1,0.719343274816743,0.141349262039694
"379",62,0,0,1,0.328942751325859,0.0127416939560124
"380",62,0,1,0,0.778997536576286,0.177834837403956
"381",62,0,1,1,0.885455664479033,0.285872082518836
"382",62,1,0,1,0.178942751325859,0
"383",62,1,1,0,0.628997536576285,0.0278348374039555
"384",62,1,1,1,0.716735296239677,0.135872082518836
"385",63,0,0,1,0.321719070539147,0.00816053640773129
"386",63,0,1,0,0.777420713967225,0.170223531582467
"387",63,0,1,1,0.884769502198014,0.28044122070355
"388",63,1,0,1,0.171719070539147,0
"389",63,1,1,0,0.627420713967225,0.0202235315824668
"390",63,1,1,1,0.714134289309637,0.13044122070355
"391",64,0,0,1,0.314533224586177,0.00363076825719097
"392",64,0,1,0,0.775857738613914,0.162663290280643
"393",64,0,1,1,0.884090132426023,0.275055558888704
"394",64,1,0,1,0.164533224586178,0
"395",64,1,1,0,0.625857738613914,0.0126632902806428
"396",64,1,1,1,0.711540074888624,0.125055558888704
"397",65,0,0,1,0.307384428692423,0
"398",65,0,1,0,0.774308275357293,0.155152980919154
"399",65,0,1,1,0.88341738334228,0.269714023316327
"400",65,1,0,1,0.157384428692423,0
"401",65,1,1,0,0.624308275357293,0.00515298091915375
"402",65,1,1,1,0.708952481155859,0.119714023316327
"403",66,0,0,1,0.300271926156101,0
"404",66,0,1,0,0.772772002161314,0.147691513023623
"405",66,0,1,1,0.88275109003686,0.264415581800602
"406",66,1,0,1,0.150271926156101,0
"407",66,1,1,0,0.622772002161314,0
"408",66,1,1,1,0.706371343201417,0.114415581800602
"409",67,0,0,1,0.293194986934767,0
"410",67,0,1,0,0.771248609408826,0.140277836046921
"411",67,0,1,1,0.882091094132686,0.259159241515125
"412",67,1,0,1,0.143194986934767,0
"413",67,1,1,0,0.621248609408827,0
"414",67,1,1,1,0.703796502648221,0.109159241515125
"415",68,0,0,1,0.286152906323065,0
"416",68,0,1,0,0.769737799245152,0.132910937334836
"417",68,0,1,1,0.881437243433507,0.253944046929098
"418",68,1,0,1,0.136152906323065,0
"419",68,1,1,0,0.619737799245152,0
"420",68,1,1,1,0.70122780730002,0.103944046929098
"421",69,0,0,1,0.279145003714492,0
"422",69,0,1,0,0.768239284965464,0.1255898402237
"423",69,0,1,1,0.880789391595723,0.248769077880384
"424",69,1,0,1,0.129145003714492,0
"425",69,1,1,0,0.618239284965465,0
"426",69,1,1,1,0.698665110813214,0.0987690778803837
"427",7,0,0,1,0.844098579758285,0.474781270193138
"428",7,0,1,0,0.91615441365644,0.765908305377126
"429",7,0,1,1,0.949257179567083,0.74576507145119
"430",7,1,0,1,0.694098579758285,0.324781270193138
"431",7,1,1,0,0.76615441365644,0.615908305377126
"432",7,1,1,1,0.88585326702393,0.59576507145119
"433",70,0,0,1,0.272170621440715,0
"434",70,0,1,0,0.766752790442456,0.118313602259631
"435",70,0,1,1,0.88014739782212,0.243633447774519
"436",70,1,0,1,0.122170621440714,0
"437",70,1,1,0,0.616752790442456,0
"438",70,1,1,1,0.696108272390589,0.093633447774519
"439",71,0,0,1,0.265229123682537,0
"440",71,0,1,0,0.765278049591117,0.11108131353001
"441",71,0,1,1,0.879511126575754,0.23853630189976
"442",71,1,0,1,0.115229123682538,0
"443",71,1,1,0,0.615278049591117,0
"444",71,1,1,1,0.693557156495202,0.0885363018997603
"445",72,0,0,1,0.258319895447149,0
"446",72,0,1,0,0.763814805867725,0.103892095098616
"447",72,0,1,1,0.878880447312413,0.233476815849174
"448",72,1,0,1,0.108319895447148,0
"449",72,1,1,0,0.613814805867724,0
"450",72,1,1,1,0.691011632582839,0.083476815849174
"451",73,0,0,1,0.251442341606759,0
"452",73,0,1,0,0.762362811800411,0.0967450975366591
"453",73,0,1,1,0.878255234230182,0.228454194041574
"454",73,1,0,1,0.101442341606759,0
"455",73,1,1,0,0.612362811800411,0
"456",73,1,1,1,0.688471574851586,0.078454194041574
"457",74,0,0,1,0.244595885994154,0
"458",74,0,1,0,0.760921828548928,0.0896394995425836
"459",74,0,1,1,0.87763536603483,0.223467668333859
"460",74,1,0,1,0.0945958859941537,0
"461",74,1,1,0,0.610921828548928,0
"462",74,1,1,1,0.685936862007212,0.073467668333859
"463",75,0,0,1,0.23777997055106,0
"464",75,0,1,0,0.759491625491408,0.0825745066441647
"465",75,0,1,1,0.877020725719796,0.218516496717937
"466",75,1,0,1,0.0893749046171675,0
"467",75,1,1,0,0.609491625491408,0
"468",75,1,1,1,0.683407377043156,0.0685164967179372
"469",76,0,0,1,0.2309940545256,0
"470",76,0,1,0,0.758071979836139,0.07554934997696
"471",76,0,1,1,0.876411200359696,0.213599962096035
"472",76,1,0,1,0.084495039584751,0
"473",76,1,1,0,0.608071979836139,0
"474",76,1,1,1,0.680883007034034,0.063599962096035
"475",77,0,0,1,0.224237613715371,0
"476",77,0,1,0,0.756662676256533,0.0685632851336778
"477",77,0,1,1,0.875806680916351,0.208717371128696
"478",77,1,0,1,0.0796363706696445,0
"479",77,1,1,0,0.606662676256533,0
"480",77,1,1,1,0.678363642941667,0.058717371128696
"481",78,0,0,1,0.217510139753025,0
"482",78,0,1,0,0.75526350654761,0.0616155910794861
"483",78,0,1,1,0.875207062056426,0.203868053150292
"484",78,1,0,1,0.0747985322964355,0
"485",78,1,1,0,0.60526350654761,0
"486",78,1,1,1,0.67584917943272,0.053868053150292
"487",79,0,0,1,0.210811139431424,0
"488",79,0,1,0,0.753874269302478,0.0547055691286797
"489",79,0,1,1,0.874612241979836,0.199051359147249
"490",79,1,0,1,0.0699811697916718,0
"491",79,1,1,0,0.603874269302478,0
"492",79,1,1,1,0.673339514707109,0.0490513591472493
"493",8,0,0,1,0.829526415025815,0.454091778936933
"494",8,0,1,0,0.911029069952303,0.74719526763229
"495",8,0,1,1,0.946663879526905,0.729171580473061
"496",8,1,0,1,0.679526415025815,0.304091778936933
"497",8,1,1,0,0.761029069952303,0.59719526763229
"498",8,1,1,1,0.88134512233473,0.579171580473061
"499",80,0,0,1,0.204140134065728,0
"500",80,0,1,0,0.75249476960741,0.0478325419785117
"501",80,0,1,1,0.874022122258175,0.194266660794644
"502",80,1,0,1,0.0651839389251265,0
"503",80,1,1,0,0.60249476960741,0
"504",80,1,1,1,0.670834550336426,0.0442666607946443
"505",81,0,0,1,0.197496658889944,0
"506",81,0,1,0,0.751124818754223,0.0409958527963193
"507",81,0,1,1,0.873436607682444,0.189513349547131
"508",81,1,0,1,0.0604065054758472,0
"509",81,1,1,0,0.601124818754222,0
"510",81,1,1,1,0.668334191111673,0.0395133495471308
"511",82,0,0,1,0.19088026248568,0
"512",82,0,1,0,0.749764233968777,0.0341948643563824
"513",82,0,1,1,0.872855606119449,0.184790835780509
"514",82,1,0,1,0.0556485448213627,0
"515",82,1,1,0,0.599764233968777,0
"516",82,1,1,1,0.665838344899656,0.034790835780509
"517",83,0,0,1,0.184290506241007,0
"518",83,0,1,0,0.74841283815452,0.027428958223239
"519",83,0,1,1,0.872279028376268,0.18009854798054
"520",83,1,0,1,0.0509097415485435,0
"521",83,1,1,0,0.59841283815452,0
"522",83,1,1,1,0.663346922507453,0.0300985479805402
"523",84,0,0,1,0.177726963837512,0
"524",84,0,1,0,0.747070459650047,0.0206975339784203
"525",84,0,1,1,0.871706788072253,0.175435931975857
"526",84,1,0,1,0.0464964234984675,0
"527",84,1,1,0,0.597070459650047,0
"528",84,1,1,1,0.660859837554416,0.025435931975857
"529",85,0,0,1,0.171189220763741,0
"530",85,0,1,0,0.745736931999781,0.0140000084878192
"531",85,0,1,1,0.871138801518045,0.17080245021209
"532",85,1,0,1,0.043487010533622,0
"533",85,1,1,0,0.595736931999781,0
"534",85,1,1,1,0.658377006351187,0.02080245021209
"535",86,0,0,1,0.164676873853393,0
"536",86,0,1,0,0.744412093736896,0.00733581520709495
"537",86,0,1,1,0.87057498760116,0.166197581064533
"538",86,1,0,1,0.0404892877717405,0
"539",86,1,1,0,0.594412093736896,0
"540",86,1,1,1,0.65589834778528,0.0161975810645327
"541",87,0,0,1,0.158189530846715,0
"542",87,0,1,0,0.743095788177705,0.00070440352272727
"543",87,0,1,1,0.870015267677706,0.161620818186874
"544",87,1,0,1,0.03750307465027,0
"545",87,1,1,0,0.593095788177705,0
"546",87,1,1,1,0.653423783212804,0.0116208181868743
"547",88,0,0,1,0.151726809973712,0
"548",88,0,1,0,0.741787863226787,0
"549",88,0,1,1,0.869459565469836,0.157071669893722
"550",88,1,0,1,0.034528195435236,0
"551",88,1,1,0,0.591787863226787,0
"552",88,1,1,1,0.650953236355912,0.00707166989372202
"553",89,0,0,1,0.145288339557815,0
"554",89,0,1,0,0.740488171192161,0
"555",89,0,1,1,0.868907806968579,0.152549658574789
"556",89,1,0,1,0.031564479038807,0
"557",89,1,1,0,0.590488171192161,0
"558",89,1,1,1,0.648486633205633,0.00254965857478875
"559",9,0,0,1,0.81554632425354,0.435166898313308
"560",9,0,1,0,0.906248753557241,0.729451346821864
"561",9,0,1,1,0.9442666341615,0.713638382858564
"562",9,1,0,1,0.66554632425354,0.285166898313308
"563",9,1,1,0,0.756248753557241,0.579451346821864
"564",9,1,1,1,0.877033032320303,0.563638382858564
"565",90,0,0,1,0.138873757638806,0
"566",90,0,1,0,0.739196568609903,0
"567",90,0,1,1,0.8683599203417,0.148054320138791
"568",90,1,0,1,0.028611758845721,0
"569",90,1,1,0,0.589196568609903,0
"570",90,1,1,1,0.646023901929732,0
"571",91,0,0,1,0.132482711613857,0
"572",91,0,1,0,0.737912916077607,0
"573",91,0,1,1,0.867815835846281,0.14358520348524
"574",91,1,0,1,0.025669872548052,0
"575",91,1,1,0,0.587912916077607,0
"576",91,1,1,1,0.643564972785291,0
"577",92,0,0,1,0.126114857895626,0
"578",92,0,1,0,0.736637078096163,0
"579",92,0,1,1,0.867275485745737,0.139141870002426
"580",92,1,0,1,0.0227386619878255,0
"581",92,1,1,0,0.586637078096163,0
"582",92,1,1,1,0.641109778035725,0
"583",93,0,0,1,0.119769861586415,0
"584",93,0,1,0,0.73536892291934,0
"585",93,0,1,1,0.866738804230988,0.134723893090042
"586",93,1,0,1,0.0198179730070295,0
"587",93,1,1,0,0.58536892291934,0
"588",93,1,1,1,0.638658251871955,0
"589",94,0,0,1,0.11344739616748,0
"590",94,0,1,0,0.734108322410726,0
"591",94,0,1,1,0.866205727345535,0.130330857704973
"592",94,1,0,1,0.0169076553046,0
"593",94,1,1,0,0.584108322410726,0
"594",94,1,1,1,0.63621033033748,0
"595",95,0,0,1,0.107934666649063,0
"596",95,0,1,0,0.732855151907571,0
"597",95,0,1,1,0.86567619291422,0.125962359928899
"598",95,1,0,1,0.014007562299982,0
"599",95,1,1,0,0.582855151907571,0
"600",95,1,1,1,0.633765951257143,0
"601",96,0,0,1,0.103419799958982,0
"602",96,0,1,0,0.731609290091153,0
"603",96,0,1,1,0.865150140475444,0.121618006556448
"604",96,1,0,1,0.011117551002903,0
"605",96,1,1,0,0.581609290091152,0
"606",96,1,1,1,0.631325054169345,0
"607",97,0,0,1,0.0989204652606746,0
"608",97,0,1,0,0.730370618863261,0
"609",97,0,1,1,0.86462751121663,0.117297414702713
"610",97,1,0,1,0.0082374818890095,0
"611",97,1,1,0,0.580370618863261,0
"612",97,1,1,1,0.628887580261509,0
"613",98,0,0,1,0.0944364498137457,0
"614",98,0,1,0,0.729139023228483,0
"615",98,0,1,1,0.864108247912771,0.113000211429038
"616",98,1,0,1,0.0053672187810485,0
"617",98,1,1,0,0.579139023228483,0
"618",98,1,1,1,0.626453472308628,0
"619",99,0,0,1,0.0899675459293148,0
"620",99,0,1,0,0.727914391181935,0
"621",99,0,1,1,0.863592294867858,0.108726033386043
"622",99,1,0,1,0.0025066287352915,0
"623",99,1,1,0,0.577914391181936,0
"624",99,1,1,1,0.624022674614693,0
